word|reading|jlpt_level|jlpt_level_raw|tags
始発|しはつ|N1|N1|n
出来上がる|できあがる|N2|N2|v5r vi
コンクール|コンクール|N3|N3|n
凝る|こごる|N2|N2|v5r vi
凝る|しこる||NUNCLASSIFIED|v5r vi
凝る|こる||NA5|v5r vi
ひっくり返す|ひっくりかえす|N3|N3|v5s vt
ストレス|ストレス|N5|N5|n
心的外傷後ストレス障害|しんてきがいしょうごすとれるしょうがい||NA16|n
本気で|ほんきで||NA1|adv
本気|ほんき|N2|N2|n adj-no adj-na
一本気|いっぽんぎ||NA2|adj-na n
本気にする|ほんきにする||NA1|exp vs-i
本気を出す|ほんきをだす||NA3|exp v5s
退かす|どかす||NA9|v5s vt
申し込み|もうしこみ|N4|N4|n
正社員|せいしゃいん||NA10|n
追い越す|おいこす|N2|N2|v5s vt
にわか雨|にわかあめ||NA14|n
フライパン|フライパン|N3|N3|n
不景気|ふけいき|N1|N1|n adj-na
個性|こせい|N2|N2|n
個性豊か|こせいゆたか||NA8|adj-na
個性的|こせいてき||NA6|adj-na
甘やかす|あまやかす|N2|N2|v5s vt
名札|なふだ|N2|N2|n
乗り越す|のりこす||NA20|v5s vt
乗車券|じょうしゃけん|N5|N5|n
乗車|じょうしゃ|N2|N2|n vs vi
行列|ぎょうれつ|N2|N2|n vs
仮装行列|かそうぎょうれつ||NA13|n
恋愛|れんあい|N2|N2|n vs vi adj-no
貰える|もらえる||NA19|v1
太め|ふとめ||NA7|adj-no adj-na n
言える|いえる||NUNCLASSIFIED|v1 exp
今だから言える|いまだからいえる||NA3|exp
残り物|のこりもの||NUNCLASSIFIED|n
特売|とくばい|N2|N2|n vs vt
思い切る|おもいきる||NA4|v5r vt vi
からから|からから||NA7|adj-na adj-no adv adv-to
送金|そうきん|N2|N2|n vs vt vi
ぶらぶら|ぶらぶら|N1|N1|adv adv-to vs adj-na
風が吹けば桶屋が儲かる|かぜがふけばおけやがもうかる||NA10|exp v5r
儲かる|もうかる|N3|N3|v5r vi
発生|はっせい|N1|N1|n vs vi vt
怠い|だるい|N1|N1|adj-i
取り消す|とりけす|N2|N2|v5s vt
気軽|きがる|N2|N2|adj-na n
気軽に|きがるに|N1|N1|adv
下書き|したがき|N2|N2|n vs
騒々しい|そうぞうしい|N2|N2|adj-i
優先|ゆうせん|N1|N1|n vs vt vi adj-no
優先席|ゆうせんせき||NA2|n
時間割|じかんわり|N2|N2|n
自習|じしゅう|N2|N2|n vs vt vi
切っ掛け|きっかけ|N3|N3|n
入館|にゅうかん||NUNCLASSIFIED|n vs
入館料|にゅうかんりょう||NA5|n
冬日|ふゆび||NUNCLASSIFIED|n
早速|さっそく|N2|N2|adv
早速ですが|さっそくですが||NA11|exp
勤務|きんむ|N1|N1|n vs vi
勤務時間|きんむじかん||NA8|n
在宅勤務|ざいたくきんむ||NA10|n
仕上げる|しあげる|N2|N2|v1 vt
更新|こうしん|N1|N1|n vs vt vi
調味料|ちょうみりょう|N2|N2|n
蛇口|じゃぐち|N2|N2|n
しゃっくり|しゃっくり|N3|N3|n vs vi
吐き気|はきけ|N2|N2|n
吐き気がする|はきけがする||NA11|exp vs-i
余る|あまる|N2|N2|v5r vi
身に余る光栄|みにあまるこうえい||NA3|exp
身に余る|みにあまる|N1|N1|exp v5r
手に余る|てにあまる||NA13|exp v5r
思い余る|おもいあまる||NA1|v5r vi
有り余る|ありあまる||NA12|v5r vi
勢い余る|いきおいあまる||NA8|exp v5r
裸足|はだし|N2|N2|n adj-no n-suf
慌ただしい|あわただしい|N2|N2|adj-i
工事|こうじ|N3|N3|n vs vt vi
電源を入れる|でんげんをいれる||NA1|exp v1
電源|でんげん|N1|N1|n
足し算|たしざん|N2|N2|n
以降|いこう|N2|N2|n adv
日帰り|ひがえり|N2|N2|n vs vi
薄暗い|うすぐらい|N2|N2|adj-i
お姫様抱っこ|おひめさまだっこ||NA9|n vs vt
だっこ紐|だっこひも||NA9|n
抱っこ|だっこ||NA9|n vs vt int
受験生|じゅけんせい|N1|N1|n
見合い結婚|みあいけっこん||NA9|n
見合い|みあい|N2|N2|n vs vi
お見合い|おみあい||NA9|n vs vi
給食|きゅうしょく|N1|N1|n vs vi
性格|せいかく|N5|N5|n
廃棄|はいき|N1|N1|n vs vt
非表示|ひひょうじ|N1|N1|adj-f n vs
ばらつき|ばらつき||NA16|n
駆け回る|かけまわる||NA18|v5r vi
さくさく|サクサク||NA1|adv adv-to vs
分かれる|わかれる|N4|N4|v1 vi
片付ける|かたづける|N4|N4|v1 vt
追い落とす|おいおとす||NA13|v5s
バラバラ|バラバラ||NA1|adj-na adj-no adv vs
ひそひそ話|ひそひそばなし||NA1|n
論争|ろんそう|N3|N3|n vs vi
公開|こうかい|N5|N5|n vs vt
床の間|とこのま|N2|N2|n
性質|せいしつ|N2|N2|n
争い|あらそい|N2|N2|n
分散|ぶんさん|N2|N2|n vs vt vi
機嫌を損ねる|きげんをそこねる||NA13|exp v1
格差|かくさ|N1|N1|n
抗争|こうそう|N1|N1|n vs vi
差異|さい|N1|N1|n
出動|しゅつどう|N1|N1|n vs vi
小声|こごえ|N1|N1|n adj-no
陳列|ちんれつ|N1|N1|n vs vt
配置|はいち|N1|N1|n vs vt
飛散|ひさん|N1|N1|n vs vi
私語|しご||NA1|n vs vi
資質|ししつ||NA2|n
出展|しゅってん||NA2|n vs vt
傾ぐ|かしぐ||NA17|v5g vi
天性|てんせい||NA2|n adv
怒らせる|おこらせる||NA17|v1 vt
気心|きごころ||NA4|n
隊形|たいけい||NA4|n
見せる|みせる|N5|N5|v1 vt aux-v
調合|ちょうごう||NA4|n vs vt
売却|ばいきゃく||NA4|n vs vt
毛色|けいろ||NA4|n
医局|いきょく||NA5|n
広域|こういき||NA10|n
ギャップ|ギャップ||NA7|n
焼け焦げる|やけこげる||NA20|v1
処分場|しょぶんじょう||NA10|n
論|ろん||NA20|n n-suf
ぶっ飛ばす|ぶっとばす||NA20|v5s vt
譲る|ゆずる||NA1|v5r vt
即売会|そくばいかい||NA11|n
調剤|ちょうざい||NA12|n vs vt vi
投げ捨てる|なげすてる||NA18|v1 vt
伝令|でんれい||NA13|n
表す|あらわす|N4|N4|v5s vt
水盤|すいばん||NA14|n
払拭|ふっしょく||NA14|n vs vt
一家離散|いっかりさん||NA15|n vs
置換|ちかん||NA15|n vs
離散|りさん||NA15|n vs vi
解く|とく|N3|N3|v5k vt
巡る|めぐる|N3|N3|v5r vi
悄気る|しょげる||NA17|v1 vi
囁く|ささやく|N3|N3|v5k vi
奪う|うばう|N3|N3|v5u vt
傾く|かたむく|N3|N3|v5k vi
不満|ふまん|N3|N3|n adj-na
立派|りっぱ|N3|N3|adj-na
不快感|ふかいかん||NA20|n
冴える|さえる|N2|N2|v1 vi
映る|うつる|N2|N2|v5r vi
散る|ちる|N2|N2|v5r vi
尖る|とがる|N3|N3|v5r vi
披露|ひろう||NA5|n vs vt
医院|いいん||NA2|n
覆す|くつがえす|N1|N1|v5s vt
意気|いき|N1|N1|n
揉める|もめる|N2|N2|v1 vi
体裁|ていさい|N2|N2|n
疑わしい|うたがわしい|N1|N1|adj-i
議論|ぎろん|N3|N3|n vs vt
不可欠|ふかけつ|N2|N2|adj-na n
発揮|はっき|N3|N3|n vs vt
内緒話|||NE1|
体質|たいしつ||NA2|n
肌|はだ|N3|N3|n n-suf
呈す|ていす||NA2|v5s vt
割り箸|わりばし||NA3|n
不均衡|||NE1|
見栄|みえ|N1|N1|n
心持ち|こころもち||NA3|n adv
気象|きしょう|N3|N3|n
処理|しょり|N3|N3|n vs vt
鬼火|おにび||NA4|n
訛る|なまる||NA4|v5r vi
計らう|はからう||NA6|v5u vt
破棄|はき|N1|N1|n vs vt
配列|はいれつ|N1|N1|n vs vt
紛争|ふんそう|N1|N1|n vs vi
文句なし|もんくなし||NA4|adj-no
出品|しゅっぴん|N1|N1|n vs vt vi
訛り|なまり|N1|N1|n
ばりばり|バリバリ||NA1|adv adv-to adj-na vs adj-no
取り出し口|とりだしぐち||NA6|n
振り回す|ふりまわす||NA6|v5s vt
発散|はっさん||NA6|n vs
護法|ごほう||NA15|n
言い争う|いいあらそう||NA3|v5u vt
解像度|かいぞうど||NA7|n
折り合い|おりあい||NA7|n
腐る|くさる||NA4|v5r vi aux-v
不快|ふかい||NA4|n adj-na
展示品|てんじひん||NA7|n
姐御肌|あねごはだ||NA9|n adj-no
必須|ひっす||NA5|adj-no adj-na n
カリカリ|カリカリ||NA6|adj-na adv-to adv vs
不機嫌|ふきげん||NA9|adj-na n
付き物|つきもの||NA9|n
掲示板|けいじばん||NA7|n
体調を崩す|たいちょうをくずす||NA10|exp v5s
悪し様に|あしざまに||NA8|exp adv
旗頭|はたがしら||NA11|n
雛人形|ひなにんぎょう||NA11|n
大和撫子|やまとなでしこ||NA8|n
配備|はいび||NA11|n vs vt
争えない|あらそえない||NA16|adj-i
口論|こうろん|N1|N1|n vs vt vi
悶着|もんちゃく||NA10|n vs vi
落とし前|おとしまえ||NA10|n
英気|えいき||NA13|n
欠かせない|かかせない||NA13|exp adj-i
渡り合う|わたりあう||NA13|v5u vi
耳打ち|みみうち||NA14|n vs vt
誇示|こじ||NA14|n vs vt
罵倒|ばとう||NA14|n vs vt
げんなり|げんなり||NA12|vs adv adv-to
顰蹙を買う|ひんしゅくをかう||NA12|exp v5u
遣わす|つかわす||NA13|v5s vt aux-v
揃う|そろう|N3|N3|v5u vi
散らす|ちらす|N2|N2|v5s vt suf
争う|あらそう|N2|N2|v5u vi
夕顔|ゆうがお||NA14|n
法学|ほうがく|N2|N2|n
示す|しめす|N3|N3|v5s vt
ひそひそ|ひそひそ|N1|N1|adv adv-to
使い捨て|つかいすて||NA15|adj-no n
飾り付ける|かざりつける||NA15|v1 vt
性癖|せいへき||NA15|n
揉め事|もめごと||NA15|n
一悶着|ひともんちゃく||NA16|n
原付|げんつき||NA16|n
オンパレード|オンパレード||NA17|n
雛|ひな||NA19|n
不釣合い|ふつりあい||NA19|n adj-na
置き忘れる|おきわすれる||NA19|v1 vt
からっと|からっと||NA19|adv vs
燻る|くすぶる||NA20|v5r vi
こりこり|こりこり||NA6|adv adv-to vs
質|たち||NA13|n
シャキッと|シャキッと||NA19|adv vs
決着を付ける|けっちゃくをつける||NA14|exp v1
送る|おくる|N5|N5|v5r vt
必要|ひつよう|N5|N5|adj-na n
大切|たいせつ|N5|N5|adj-na
しゃきしゃき|しゃきしゃき|N1|N1|adv adv-to vs
投棄|とうき||NA13|n vs vt
マスト|マスト||NA18|adj-na n
ぼそぼそ|ぼそぼそ||NA4|adv adv-to vs adj-na
片付く|かたづく|N2|N2|v5k vi
きりっと|きりっと||NA10|adv vs
性分|しょうぶん||NA13|n
ＩＳＰ|アイ・エス・ピー||NUNCLASSIFIED|n
口喧嘩|くちげんか||NA20|n vs vi
捌く|さばく||NA6|v5k vt
挫く|くじく||NA4|v5k vt
晴らす|はらす||NA3|v5s vt
追い払う|おいはらう||NA20|v5u vt
誤字|ごじ||NA5|n
見間違う|みまちがう||NA18|v5u vt
気質|きしつ|N2|N2|n n-suf
気立て|きだて|N2|N2|n
パリパリ|パリパリ||NA19|adj-na adv n
騒動|そうどう|N2|N2|n vs vi
北半球|きたはんきゅう||NA1|n
さくっ|さくっ|N1|N1|adv-to
散々|さんざん||NA1|adj-na adv
必要不可欠|ひつようふかけつ||NA1|adj-na adj-no
吹き飛ばす|ふきとばす||NA2|v5s vt
丸出し|まるだし||NA3|adj-no n
取り計らう|とりはからう||NA3|v5u vt
争うべからざる|あらそうべからざる||NA3|exp adj-pn
繰り出す|くりだす||NA4|v5s vt vi
挫ける|くじける||NA4|v1 vi
利かせる|きかせる||NA4|v1 vt
ぼそっと|ぼそっと||NA7|adv vs
解き明かす|ときあかす||NA8|v5s vt
気に食わない|きにくわない||NA10|exp adj-i
拭う|ぬぐう||NA10|v5u vt
無くもがな|なくもがな||NA10|exp adj-no
しょんぼり|しょんぼり||NA11|adv adv-to vs
淡々|たんたん||NA11|adj-t adv-to
不均衡|ふきんこう||NA11|adj-na n
を巡って|をめぐって||NA12|exp
吹っ飛ばす|ふっとばす||NA12|v5s vt
呈する|ていする||NA12|vs-s vt
売り飛ばす|うりとばす||NA12|v5s vt
虫の息|むしのいき||NA13|exp n
散り散り|ちりぢり||NA15|adj-na n
ボソリ|ボソリ||NA16|adv-to
小馬鹿にする|こばかにする||NA16|exp vs-i
見せつける|みせつける||NA18|v1 vt
論じる|ろんじる||NA20|v1 vt
気|き|N4|N4|n
整理|せいり|N3|N3|n vs vt
意地|いじ|N2|N2|n adj-no
派遣|はけん|N2|N2|n vs vt
捌き|さばき||NA9|n n-suf
処分|しょぶん|N1|N1|n vs vt
性根|しょうね||NA7|n
疎開|そかい||NA6|n vs vt vi
展示|てんじ|N1|N1|n vs vt
雛|ひよこ|N1|N1|n
ミスプリント|ミスプリント|N1|N1|n
表示|ひょうじ||NA4|n vs vt
南半球|みなみはんきゅう||NA6|n
伝言ゲーム|でんごんゲーム||NA7|n
囁き|ささやき||NA8|n
筋違い|すじちがい||NA15|n vs adj-no adj-na
とも言う|ともいう||NA7|exp
漬かる|||NE1|
澄ます|すます|N2|N2|v5s vt
こんがらがる|こんがらがる||NA16|v5r vi
誓う|ちかう|N2|N2|v5u vt
ドキッと|ドキッと||NA16|adv vs
炒り卵|いりたまご|N1|N1|n
慣れる|なれる|N4|N4|v1 vi aux-v
感慨無量|かんがいむりょう||NA17|n adj-no adj-na
極まる|きわまる||NA6|v5r vi aux-v adj-f
申す|もうす|N4|N4|v5s vt
ドラマ|ドラマ|N3|N3|n
呼ばれる|よばれる||NA17|v1 vi
と言うところ|というところ||NA1|exp
焼き肉|||NE1|
すっぽん|すっぽん|N4|N4|n
〜漬け|||NE1|
学力|がくりょく|N2|N2|n
載る|のる|N2|N2|v5r vi
引き出し|ひきだし|N5|N5|n
巻き物|まきもの||NA1|n
呪い|のろい|N1|N1|n
事情通|じじょうつう||NA1|n
吐く息|はくいき||NA1|
認識|にんしき|N1|N1|n vs vt
甘えん坊|あまえんぼう||NA1|n adj-na
未確定|みかくてい||NA1|adj-no n
連動|れんどう||NA1|n vs vi
と言うもの|というもの||NA12|exp
やり手|やりて||NA17|n
串焼き|くしやき||NA17|n
優|ゆう||NA2|n adj-na
流れる|ながれる||NA2|v1 vi
自白|じはく||NA3|n vs vt
抵当権|ていとうけん||NA3|n
ほろほろ|ほろほろ||NA4|adv adv-to n
在校生|ざいこうせい||NA4|n
予知|よち||NA4|n vs vt
冷や|ひや||NA4|n pref adj-no
社会人|しゃかいじん||NA5|n
認知|にんち||NA5|n vs vt
お冷|おひや||NA6|n
計画的|けいかくてき||NA6|adj-na
逆立つ|さかだつ||NA8|v5t vi
当たり屋|あたりや||NA18|n
気の強い|きのつよい||NA7|adj-i
死亡者|しぼうしゃ||NA7|n
末那|まな||NA18|n
博識|はくしき||NA7|n adj-na
明細|めいさい||NA7|n adj-na
無垢|むく||NA19|adj-na adj-no n
と言う|という||NA19|exp
充満|じゅうまん||NA19|n vs vi
揺れ|ゆれ||NA19|n
興が醒める|きょうがさめる||NA19|exp v1
車種|しゃしゅ||NA19|n
ヨレヨレ|ヨレヨレ||NA19|adj-na adj-no
帳簿|ちょうぼ||NA10|n
細か|こまか||NA20|adj-na
とやら|とやら||NA20|exp suf
誤爆|ごばく||NA11|n vs
くぐもった声|くぐもったこえ||NA1|exp n
野放し|のばなし||NA11|n adj-no
雑学|ざつがく||NA12|n
誓約書|せいやくしょ||NA12|n
板焼き|いたやき||NA12|n
治る|なおる|N4|N4|v5r vi
泡盛|あわもり||NA12|n
湯豆腐|ゆどうふ||NA18|n
克明|こくめい||NA18|adj-na
明るみ|あかるみ||NA13|n
浪人|ろうにん||NA18|n vs vi
死傷者|ししょうしゃ||NA14|n
台帳|だいちょう||NA14|n
罫|けい||NA15|n
して遣られる|してやられる||NA12|exp v1
造形物|ぞうけいぶつ||NA15|n
頭をかかえる|あたまをかかえる||NA15|exp v1
直る|なおる|N4|N4|v5r vi
浅学|せんがく||NA16|n adj-no
引っかかる|ひっかかる|N3|N3|v5r vi
蘇る|よみがえる|N3|N3|v5r vi
漬け|づけ||NA17|suf
凍える|こごえる|N3|N3|v1 vi
雀|すずめ||NA17|n
見聞|けんぶん||NA19|n vs vt
吟醸酒|ぎんじょうしゅ||NA19|n
余計|よけい|N3|N3|adj-na adv
重なる|かさなる|N2|N2|v5r vi
箱入り娘|はこいりむすめ||NA18|n
無類|むるい||NA20|adj-na adj-no n
盛り上がる|もりあがる|N1|N1|v5r vi
身につける|みにつける|N1|N1|exp v1
詳しい|くわしい|N3|N3|adj-i
知識|ちしき|N3|N3|n
定まる|さだまる|N1|N1|v5r vi
埋まる|うまる|N1|N1|v5r vi
契る|ちぎる|N1|N1|v5r
走行|そうこう|N2|N2|n vs vi
心当たり|こころあたり|N2|N2|n
未熟|みじゅく|N2|N2|adj-na n
感無量|かんむりょう|N1|N1|n adj-no adj-na
達者|たっしゃ|N1|N1|adj-na n
灯台|とうだい|N2|N2|n
済み|ずみ||NA2|n-suf n
きりり|きりり||NA1|adv adv-to
乱れる|みだれる|N2|N2|v1 vi
梅干|||NE1|
臭い|くさい|N3|N3|adj-i suf
逞しい|たくましい|N2|N2|adj-i
騒がしい|さわがしい|N2|N2|adj-i
斑|ぶち|N2|N2|n
瓶詰め|びんづめ|N2|N2|n vs vt adj-no
泥々|どろどろ|N1|N1|adj-no adj-na adv adv-to vs
保証|ほしょう|N2|N2|n vs vt
了承|りょうしょう|N2|N2|n vs vt
弁慶|べんけい||NA5|n
盟約|めいやく||NA18|n vs vt
潜む|ひそむ||NA8|v5m vi
孕む|はらむ||NA2|v5m vt vi
泣寝入り|なきねいり|N1|N1|n vs vi
心得|こころえ|N1|N1|n n-suf
造詣が深い|ぞうけいがふかい||NA3|exp adj-i
一件落着|いっけんらくちゃく||NA6|n
八重|やえ||NA3|n
宝冠|ほうかん||NA3|n
重ね|かさね|N1|N1|n ctr
冷やし中華|ひやしちゅうか||NA3|n
自称|じしょう||NA4|adj-f n vs
集団自決|しゅうだんじけつ||NA4|
呆ける|ぼける||NA4|v1 vi aux-v
皺くちゃ|しわくちゃ||NA4|adj-no adj-na n
ぎざぎざ|ぎざぎざ||NA5|n adj-na adv adv-to vs
焼酎|しょうちゅう||NA6|n
指切拳万|ゆびきりげんまん||NA5|n
焼き鳥|やきとり||NA2|n
八十日目|やっとかめ||NA6|adj-na
戦没|せんぼつ||NA2|n vs vi
表彰|ひょうしょう||NA6|n vs vt
紅しょうが|べにしょうが||NA15|n
予定日|よていび||NA6|n
素養|そよう||NA15|n
落ち着いた|おちついた||NA2|adj-f
話し手|はなして||NA6|n
角のある|かどのある||NA15|exp adj-f
巻き髪|まきがみ||NA3|n
ゆで卵|ゆでたまご||NA18|n
豆知識|まめちしき||NA11|n
現役|げんえき||NA7|n adj-no
散らし|ちらし||NA7|n
既決|きけつ||NA18|adj-no n
照り焼き|てりやき||NA18|n
炊ける|たける||NA17|v1 vi
明細書|めいさいしょ||NA7|n
領収書|りょうしゅうしょ||NA7|n
浸かる|つかる||NA4|v5r vi
あばら屋|あばらや||NA8|n
たい焼き|たいやき||NA8|n
斑|むら||NA4|n adj-na
下積み|したづみ||NA8|n adj-no
開封|かいふう||NA8|n vs vt
学|がく||NA8|n n-suf
卵焼き|たまごやき||NA4|n
矛|ほこ||NA8|n
棺を蓋いて事定まる|かんをおおいてことさだまる||NA8|exp
説得上手|せっとくじょうず||NA1|n adj-na
五味|ごみ||NA9|n
惑う|まどう||NA9|v5u vi
嗜み|たしなみ||NA9|n
身に覚えの無い|みにおぼえのない||NA9|exp adj-f
交じり|まじり||NA6|n-suf n
メンヘラ|メンヘラ||NA10|n
レトルト|レトルト||NA10|
渦巻く|うずまく||NA10|v5k vi
修業|しゅうぎょう||NA6|n vs vt vi
熟知|じゅくち||NA10|n vs vt
上下|じょうげ|N3|N3|n vs vi
常識|じょうしき|N3|N3|n
評価|ひょうか|N3|N3|n vs vt
しゃぶしゃぶ|しゃぶしゃぶ|N1|N1|n
丹念|たんねん||NA10|adj-na n
承認|しょうにん||NA4|n vs vt
悶える|もだえる||NA10|v1 vi
源泉|げんせん||NA8|n
ポンコツ|ポンコツ||NA11|n adj-na adj-no
関わり合う|かかわりあう||NA11|v5u
誓約|せいやく||NA11|n vs vt
巻き添え|まきぞえ||NA9|n
筋骨隆々|きんこつりゅうりゅう||NA9|adj-na adj-no adj-t adv-to
ばさばさ|ばさばさ||NA12|adv-to adv vs adj-na
修羅|しゅら||NA10|n
太巻き|ふとまき||NA10|n
ＤＱＮ|ドキュン||NA11|n
自他共に認める|じたともにみとめる||NA13|exp v1
認定|にんてい||NA13|n vs vt
猫又|ねこまた||NA13|n
前代未聞|ぜんだいみもん||NA13|n adj-no
用済み|ようずみ||NA13|n adj-no
乱世|らんせい||NA13|n
ウハウハ|ウハウハ||NA14|adj-na adv vs
漬物|つけもの||NA14|n
有耶無耶|うやむや||NA14|adj-na n
咽ぶ|むせぶ||NA12|v5b vi
盛り|もり||NA12|n n-suf ctr
斑|まだら||NA12|n adj-na adj-no
有職|ゆうしょく||NA12|n
忍び笑い|しのびわらい||NA13|n
べた|べた||NA13|adj-na n n-pref adj-no
車両|しゃりょう||NA4|n
途方に暮れる|とほうにくれる||NA13|exp v1
浮き足|うきあし||NA13|n
又とない|またとない||NA13|exp
立て込む|たてこむ||NA13|v5m vi
閊える|つかえる||NA13|v1 vi
一定|いってい|N3|N3|vs vt vi adj-no
詰まる|つまる|N2|N2|v5r vi
弱る|よわる|N2|N2|v5r vi
精密|せいみつ|N2|N2|adj-na n
皺皺|しわしわ||NA14|adv
いわゆる|いわゆる|N3|N3|adj-pn
塞がる|ふさがる|N3|N3|v5r vi
ぱんぱん|ぱんぱん|N1|N1|adv adv-to adj-na n
廃人|はいじん||NA15|n suf
がり|がり||NA16|n
せこい|せこい||NA16|adj-i
びっくり|びっくり|N5|N5|vs vi adv adj-f
早贄|はやにえ||NA16|n
盛りそば|もりそば||NA16|n
眼鏡にかなう|めがねにかなう||NA16|exp v5u
笠子|かさご||NA16|n
罫紙|けいし||NA16|n
入母屋|いりもや||NA17|n
焼肉|やきにく||NA17|n
知|ち||NA17|n
錯綜|さくそう||NA19|n vs vi
籠もる|こもる|N1|N1|v5r vi
とも|とも||NA1|prt exp
雉鳩|きじばと||NA18|n
むしゃむしゃ|むしゃむしゃ||NA19|adv adv-to
ゴツゴツ|ゴツゴツ||NA19|vs adv adj-no n
ぐしゃぐしゃ|ぐしゃぐしゃ||NA19|adj-na adv adv-to vs
物知り|ものしり||NA20|n
もじゃもじゃ|もじゃもじゃ||NA10|adv vs adj-na adj-no
有らずもがな|あらずもがな||NA10|exp adj-no
噎せる|むせる||NA12|v1 vi
酔いしれる|よいしれる||NA13|v1 vi
決まる|きまる|N5|N5|v5r vi
台無し|だいなし|N1|N1|adj-na n
痛む|いたむ|N1|N1|v5m vi
浅い|あさい|N4|N4|adj-i
腕が無い|うでがない||NA7|exp adj-i
困る|こまる|N5|N5|v5r vi
叶う|かなう|N5|N5|v5u
腕が良い|うでがよい|N1|N1|exp adj-ix
弱い|よわい|N5|N5|adj-i
どきり|どきり|N1|N1|adv adv-to vs n
ややこしい|ややこしい|N1|N1|adj-i
飲み込む|のみこむ|N1|N1|v5m vt
水田|すいでん|N1|N1|n
恐れ入る|おそれいる|N1|N1|v5r vi
迷う|まよう|N2|N2|v5u vi
落ち着く|おちつく|N2|N2|v5k vi
絶世|ぜっせい||NA18|adj-no n
詳解|しょうかい||NA15|n vs vt
橇|そり||NA15|n
ぎょっと|ぎょっと||NA10|adv vs
一通り|ひととおり|N2|N2|n adj-no adv
剣|けん|N1|N1|n
二輪車|にりんしゃ||NA19|n
持てる|もてる|N4|N4|v1 vi adj-f
巻き寿司|まきずし||NA17|n
ＬＥＤ|エル・イー・ディー||NUNCLASSIFIED|n
生兵法|なまびょうほう||NA14|n
落着|らくちゃく||NA5|n vs vi
あちこち|あちこち|N3|N3|pn adv vs vi adj-na n
宣誓|せんせい||NA5|n vs vt
肉汁|にくじゅう||NA16|n
礼状|れいじょう||NA18|n
眉唾|まゆつば||NA12|n
まとまる|まとまる|N3|N3|v5r vi
定評|ていひょう||NA2|n
在学|ざいがく|N3|N3|n vs vi
縮れる|ちぢれる|N3|N3|v1 vi
承知|しょうち|N3|N3|n vs vt
人知|じんち||NA13|n
神楽笛|かぐらぶえ||NA16|n
ぐらつく|ぐらつく||NA15|v5k vi
偏差値|へんさち||NA8|n
甘える|あまえる|N1|N1|v1 vi
精緻|せいち||NA19|adj-na n
着火|ちゃっか||NA1|n vs vt vi
悩む|なやむ||NA6|v5m vi
未遂|みすい||NA10|n n-suf adj-no
勝手|かって|N1|N1|n adj-na n-pref
わくわく|わくわく|N1|N1|vs adv adv-to
告白|こくはく|N2|N2|n vs vt vi
無茶苦茶|むちゃくちゃ|N2|N2|adj-na n adv
モテる|モテる|N2|N2|v1 vi
ボサボサ|ボサボサ||NA19|adj-no adj-na adv adv-to vs
ダブる|ダブる|N1|N1|v5r vi
期する|きする||NA12|vs-s vt
知り尽くす|しりつくす||NA2|v5s
めそめそ|めそめそ|N1|N1|adv adv-to vs
しんどい|しんどい|N1|N1|adj-i
収まる|おさまる|N1|N1|v5r vi
ぼやぼや|ボヤボヤ||NA1|vs adv adv-to adj-na
本格的|ほんかくてき||NA1|adj-na
眩む|くらむ||NA1|v5m vi
詳密|しょうみつ||NA2|adj-na n
流動的|りゅうどうてき||NA2|adj-na
微細|びさい||NA2|adj-na n
事細かい|ことこまかい||NA3|adj-i
冷やし|ひやし||NA3|n-pref n
相まって|あいまって||NA4|adv
付け上がる|つけあがる||NA4|v5r vi
くしゃくしゃ|くしゃくしゃ||NA5|adj-no adj-na adv adv-to vs
気が立つ|きがたつ||NA6|exp v5t
戦々恐々|せんせんきょうきょう||NA7|adv-to adj-t adj-na vs
湛える|たたえる||NA7|v1 vt
好奇心は猫をも殺す|こうきしんはねこをもころす||NA8|exp v5s
無印|むじるし||NA8|adj-no
縺れる|もつれる||NA8|v1 vi
詳らか|つまびらか||NA9|adj-na
先生と言われるほどの馬鹿でなし|せんせいといわれるほどのばかでなし||NA9|exp
惰弱|だじゃく||NA9|adj-na n
能ある鷹は爪を隠す|のうあるたかはつめをかくす||NA9|exp v5s
類稀|たぐいまれ||NA9|adj-na
怪訝|けげん||NA10|adj-na
絶倫|ぜつりん||NA10|adj-no adj-na n
縮こまる|ちぢこまる||NA11|v5r vi
宙に浮く|ちゅうにうく||NA11|exp v5k
言い含める|いいふくめる||NA12|v1 vt
酢の物|すのもの||NA12|exp n
相まつ|あいまつ||NA12|v5t vi v4t vt
絡み合う|からみあう||NA12|v5u vi
噛んで含めるように|かんでふくめるように||NA13|exp
魂消る|たまげる||NA13|v1 vi
入り混じる|いりまじる||NA13|v5r vi
珍紛漢紛|ちんぷんかんぷん||NA15|n adj-na
日の目を見る|ひのめをみる||NA15|exp v1
白ける|しらける||NA15|v1 vi
満ちる|みちる||NA16|v1 vi
知らぬ存ぜぬ|しらぬぞんぜぬ||NA16|exp n
なる|なる||NA19|suf adj-f int
舞い上がる|まいあがる||NA19|v5r vi
釣り上がる|つりあがる||NA18|v5r vi
露|あらわ||NA18|adj-na
死に損なう|しにそこなう||NA18|v5u vi
なみなみ|なみなみ||NA20|adv-to adv
漲る|みなぎる||NA20|v5r vi
冷え込む|ひえこむ||NA20|v5m vi
埒があかない|らちがあかない||NA20|exp adj-i
っちゅう|っちゅう||NA20|conj
切妻|きりづま||NA17|n
棚|たな|N4|N4|n
下地|したじ|N1|N1|n
刃|やいば|N1|N1|n
倒産|とうさん|N1|N1|n vs vi
封書|ふうしょ||NA3|n
三輪車|さんりんしゃ|N1|N1|n
肉離れ|にくばなれ||NA5|n vs vi
渇き|かわき||NA12|n
言質|げんち||NA4|n
双葉|ふたば||NA6|n
廃部|はいぶ||NA1|n vs
玄米|げんまい||NA8|n
無双|むそう||NA6|n adj-no vs
白湯|さゆ||NA10|n
半殺し|はんごろし||NA10|n
縷説|るせつ||NA12|n vs vt
殉職|じゅんしょく||NA14|n vs vi
曲者|くせもの||NA18|n
守備範囲|しゅびはんい||NA18|n
スキンシップ|スキンシップ||NA7|n
お腹を壊す|おなかをこわす|N4|N4|exp v5s
町|まち|N5|N5|n
間違い|まちがい|N4|N4|n
間違える|まちがえる|N4|N4|v1 vt
台|だい|N4|N4|n n-suf ctr suf
薬学|やくがく||NA17|n
匂い|におい|N4|N4|n
ベルト|ベルト|N3|N3|n
マッチ|マッチ|N3|N3|n
ミシン|ミシン|N3|N3|n
洗濯機|||NE1|
ゴロゴロ|ゴロゴロ|N5|N5|adv adv-to vs vi n
胃|い|N3|N3|n
外交|がいこう|N3|N3|n
型|かた|N3|N3|n n-suf
秤|はかり|N3|N3|n
手間賃|てまちん||NA16|n
町中|まちなか||NA6|n
猿|さる|N4|N4|n
設置|せっち|N2|N2|n vs vt
優越|ゆうえつ|N2|N2|n vs vi
留守番電話|るすばんでんわ||NGENKI2-2ND|
アマチュア|アマチュア|N1|N1|n adj-no
加工|かこう|N1|N1|n vs vt
下っ腹|したっぱら||NA1|n
待ち合わせ|まちあわせ|N4|N4|n
本体|ほんたい|N1|N1|n
薬剤師|やくざいし|N1|N1|n
ミスマッチ|ミスマッチ||NA1|n
町役場|まちやくば||NA1|n
始動|しどう||NA2|n vs vt vi
親しみ|したしみ||NA2|n
お腹が空く|おなかがすく|N5|N5|exp v5k
窶れる|やつれる||NA2|v1 vi
医薬|いやく||NA4|n adj-no
洗濯機|せんたくき||NA17|n
紫陽花|あじさい||NA16|n
町並み|まちなみ||NA4|n
格納|かくのう||NA5|n vs vt
自動販売機|じどうはんばいき||NA5|n
心待ち|こころまち||NA6|n vs vt
クリオネ|クリオネ||NA7|n
べったり|べったり||NA18|adv adv-to
胸元|むなもと||NA18|n
親交|しんこう||NA18|n
マシンガン|マシンガン||NA8|n
機関銃|きかんじゅう||NA8|n
溜飲|りゅういん||NA19|n
薬|くすり|N5|N5|n
筐体|きょうたい||NA10|n
お腹をこわす|おなかをこわす||NGENKI2-2ND|
何てこった|なんてこった|N1|N1|int
待ちに待った|まちにまった|N1|N1|exp adj-f
実機|じっき||NA11|n
一台|||NE1|n
待ちぼうけ|まちぼうけ||NA17|n
至上主義|しじょうしゅぎ||NA12|n
胸焼け|むねやけ||NA17|n vs vi
自販機|じはんき||NA17|n
胃痛|いつう||NA18|n
運転|うんてん|N5|N5|n vs vt vi
ちまちま|ちまちま||NA14|adv-to adv
丸まっちい|まるまっちい||NA19|adj-i
抹茶|まっちゃ||NA17|n
甘っちょろい|あまっちょろい||NA14|adj-i
錠剤|じょうざい||NA17|n
待ち遠しい|まちどおしい|N4|N4|adj-i
入魂|にゅうこん||NA17|n vs adj-no
もたれる|もたれる|N3|N3|v1 vi
機械工|きかいこう||NA17|n
匂う|におう|N3|N3|v5u vi
鯖|さば||NA17|n
斬る|きる|N2|N2|v5r vt
心肺|しんぱい||NA18|n adj-no
レインコート|レインコート|N3|N3|n
街角|まちかど|N3|N3|n
マッチ|マッチ|N1|N1|n vs vi
操る|あやつる|N2|N2|v5r vt
待ち合わせる|まちあわせる|N3|N3|v1
待合室|まちあいしつ|N3|N3|n
バチコーン|バチコーン||NA7|int
親密|しんみつ|N1|N1|adj-na n
お腹|おなか|N5|N5|n
給油|きゅうゆ|N1|N1|n vs vt vi
懇意|こんい||NA2|n adj-na
過ち|あやまち|N1|N1|n
塊魂|||NE1|
扱い方|あつかいかた||NA3|n
馴染み|なじみ||NA3|n adj-no
痩せ|やせ||NA6|n
留守電|るすでん||NA3|n
待ちきれない|まちきれない||NA6|exp adj-i
待ち望む|まちのぞむ|N1|N1|v5m vt
愛称|あいしょう|N1|N1|n
腹一杯|はらいっぱい||NA4|n adv
ゲーム機|ゲームき||NA5|n
みんみん蝉|みんみんぜみ||NA5|n
張りぼて|はりぼて||NA6|n
消音|しょうおん||NA5|n vs vt vi
衰え|おとろえ||NA5|n
海老で鯛を釣る|えびでたいをつる||NA15|exp v5r
町外れ|まちはずれ||NA17|n
待合|まちあい||NA2|n vs
腹巻き|はらまき||NA15|n
ママチャリ|ママチャリ||NA3|n
両替機|りょうがえき||NA15|n
マッチョ|マッチョ||NA7|n
腹|はら||NA18|n suf ctr
隣町|となりまち||NA7|n
薬局|やっきょく|N3|N3|n
空腹感|くうふくかん||NA8|n
胃袋|いぶくろ||NA5|n
平手打ち|ひらてうち||NA11|n vs
待ち|まち||NA8|n n-suf
お仕置き|おしおき||NA9|n vs vt
急接近|きゅうせっきん||NA9|n vs
絡繰り|からくり||NA5|n
制御|せいぎょ||NA6|n vs vt
室町|むろまち||NA10|n
宿場町|しゅくばまち||NA10|n
中世|ちゅうせい|N2|N2|n
至上|しじょう||NA11|n adj-no
制圧|せいあつ||NA11|n vs vt
締め鯖|しめさば||NA11|n
胃腸|いちょう||NA12|n
切支丹|きりしたん||NA9|n
生中継|なまちゅうけい||NA12|n vs vt
どストライク|どストライク||NA11|n adj-na
券売機|けんばいき||NA13|n
拮抗|きっこう||NA13|n vs vi
しかめっ面|しかめっつら||NA14|n adj-no
舌打ち|したうち||NA11|n vs vi
憔悴|しょうすい||NA12|n vs vi
顰める|しかめる||NA12|v1 vt
間違う|まちがう|N2|N2|v5u
弱まる|よわまる|N2|N2|v5r vi
蜂の巣|はちのす||NA14|exp n
待ち受け|まちうけ||NA15|n
やせ衰える|やせおとろえる||NA16|v1 vi
町家|まちや||NA16|n
稼働|かどう||NA16|n vs vt vi
薬屋|くすりや||NA16|n
衰残|すいざん||NA5|adj-na n
ぽんぽこ|ぽんぽこ|N1|N1|adv n adj-na
腹痛|ふくつう||NA2|n
鳩尾|みぞおち||NA17|n
ガタがくる|ガタがくる||NA2|exp vk
お待ち遠様|おまちどおさま|N3|N3|exp
食洗機|しょくせんき||NA16|n
下腹|かふく||NA8|n
マッハ|マッハ||NA18|n
忽ち|たちまち|N3|N3|adv
ガチャガチャ|ガチャガチャ||NA19|adv adv-to adj-na n
下町|したまち|N2|N2|n
天下|てんか||NA2|n adj-no
一儀|いちぎ||NA1|n
機械|きかい|N2|N2|n
港町|みなとまち|N1|N1|n
取り扱う|とりあつかう|N2|N2|v5u vt
オートマチック|オートマチック|N1|N1|adj-no adj-na n
懇親|こんしん||NA2|n
区々|まちまち|N1|N1|adj-no adj-na n
待ちに待つ|まちにまつ|N1|N1|exp v5t
扱う|あつかう||NA1|v5u vt
信愛|しんあい||NA1|adj-na n vs
清潔|せいけつ||NA2|adj-na n
待ち兼ねる|まちかねる||NA2|v1 vt
がぶがぶ|がぶがぶ||NA5|adv adv-to adj-na
ドラマチック|ドラマチック||NA5|adj-na
ぺんぺん|ぺんぺん||NA5|adv adv-to vs n
間違いなく|まちがいなく||NA5|adv
間違っても|まちがっても||NA6|exp adv
心待ちにする|こころまちにする||NA6|exp vs-i
一歩間違うと|いっぽまちがうと||NA8|exp
がましい|がましい||NA9|suf adj-i
腹の虫|はらのむし||NA9|exp n
腹の虫が鳴る|はらのむしがなる||NA9|exp v5r
塩っぱい|しょっぱい||NA11|adj-i
待ち受ける|まちうける||NA12|v1 vt
過ちを犯す|あやまちをおかす||NA13|exp v5s
調子が狂う|ちょうしがくるう||NA14|exp v5u
舌鼓を打つ|したつづみをうつ||NA19|exp v5t
ポン|ぽん||NA19|adv adv-to suf
誼|よしみ||NA17|n
沼地|ぬまち|N1|N1|n
主権|しゅけん|N2|N2|n
ガチャ|ガチャ||NA6|n n-suf
秋刀魚|さんま|N1|N1|n
作動中|さどうちゅう||NA2|n adj-no
嘈囃|そうざつ||NA12|n vs
複写機|ふくしゃき||NA13|n
大間違い|おおまちがい||NA18|n
舌鼓|したつづみ||NA19|n
マシン|マシン||NA20|n
待ち伏せ|まちぶせ||NA19|n vs vt
医薬品|いやくひん||NA4|n
鯵|あじ||NA6|n
潮吹き|しおふき||NA10|n vs vi
機械音痴|きかいおんち||NA15|n
プレス|プレス||NA19|n vs vt vi
紅白|こうはく||NA4|n adj-no
ＮＨＫ受信料|エヌエイチケーじゅしんりょう||NA2|n
ＮＨＫ|エヌエイチケー||NUNCLASSIFIED|n
ＮＨＫ|エヌ・エイチ・ケー||NUNCLASSIFIED|n
点|てん|N5|N5|n ctr
目玉|めだま||NA1|n
倫理観|りんりかん||NA16|n
我慢汁|がまんじる|N1|N1|n
ポーポー|ポーポー||NA8|n
見方|みかた|N1|N1|n
反対意見|はんたいいけん||NA13|n
鈍間|のろま||NA20|n adj-na
ビューポート|ビューポート||NA19|n
色眼鏡で見る|いろめがねでみる||NA7|exp v1
として|として||NA19|exp
アカウント|アカウント||NUNCLASSIFIED|n
アップルウォッチ|アップルウォッチ||NUNCLASSIFIED|n
アップルパイ|アップルパイ||NUNCLASSIFIED|n
歩き続ける|あるきつづける||NUNCLASSIFIED|v1
言い直す|いいなおす||NUNCLASSIFIED|v5s vt
イタリアン|イタリアン||NUNCLASSIFIED|adj-f n
エスプレッソ|エスプレッソ||NUNCLASSIFIED|
Ｌサイズ|エルサイズ|N5|N5|n
オーナメント|オーナメント||NUNCLASSIFIED|n
おっちゃん|おっちゃん||NUNCLASSIFIED|n
よろしくお伝えください|よろしくおつたえください|N4|N4|
馬鹿馬鹿しい|ばかばかしい|N1|N1|adj-i
カバ|カバ||NUNCLASSIFIED|
河馬|かば||NA12|n
鞄|かばん|N5|N5|n
カバー|カバー|N3|N3|n vs vt
クレヨン|クレヨン||NUNCLASSIFIED|
蟋蟀|こおろぎ||NA1|n
シャドーイング|シャドーイング||NUNCLASSIFIED|n vs vi
現状把握|げんじょうはあく||NA12|n
蒸発|じょうはつ|N2|N2|n vs vi
地上波|ちじょうは||NA14|n adj-no
近づく|ちかづく|N2|N2|v5k vi
どこ|どこ|N5|N5|pn
熟|つくづく|N1|N1|adv adv-to
礎を築く|いしずえをきずく||NA9|exp v5k
頷く|うなずく|N3|N3|v5k vi
築く|きずく|N2|N2|v5k vt
躓く|つまずく|N3|N3|v5k vi
滴|しずく|N1|N1|n
黒ずくめ|くろずくめ||NA8|n
跪く|ひざまずく||NA11|v5k vi
一滴|いってき||NA13|n
腕ずく|うでずく||NA16|n adj-no
力ずく|ちからずく||NA18|n adj-no
気づく|きづく|N1|N1|v5k vi
尽く|ずく||NUNCLASSIFIED|suf
銑|ずく||NUNCLASSIFIED|n
懐く|なつく|N1|N1|v5k vi
力尽くで|ちからずくで||NA5|exp adv
水臭い|みずくさい||NA6|adj-i
疼く|うずく||NA9|v5k vi
蹲る|うずくまる||NA9|v5r vi
基づく|もとづく||NA20|v5k vi
ずく|ずく||NUNCLASSIFIED|n
素晴らしさ|すばらしさ||NUNCLASSIFIED|n
大切にする|たいせつにする|N4|N4|exp vs-i
切に|せつに||NUNCLASSIFIED|adv
大切に|たいせつに||NA4|adv
セリフ|セリフ||NUNCLASSIFIED|n
台詞|せりふ|N1|N1|n
ゾンビ|ゾンビ||NA20|n
タイピング|タイピング||NUNCLASSIFIED|n
堕する|だする||NUNCLASSIFIED|vs-s vi
たった今|たったいま||NA2|adv
タッチパネル|タッチパネル||NUNCLASSIFIED|n
タブレット|タブレット||NUNCLASSIFIED|n
タロウ|タロウ||NUNCLASSIFIED|n
居づらい|いづらい||NA6|exp adj-i
見づらい|みづらい||NA6|adj-i
辛い|づらい||NA6|suf adj-i
分かり辛い|わかりづらい||NA8|adj-i
デジタイザ|デジタイザ||NUNCLASSIFIED|n
止まれ|とまれ||NUNCLASSIFIED|exp
とまれ|とまれ||NUNCLASSIFIED|adv
トレーニング|トレーニング|N3|N3|n vs vi
トレーナー|トレーナー|N4|N4|n
イメトレ|イメトレ||NA9|n
ウェイトレス|ウェイトレス|N3|N3|n
デモンストレーション|デモンストレーション|N1|N1|n
ストレイシープ|ストレイシープ||NA12|n
トレ|トレ||NUNCLASSIFIED|n-suf
トレーラー|トレーラー||NA14|n
豚骨|とんこつ||NA6|n
とんこつ|とんこつ||NUNCLASSIFIED|n
豚骨ラーメン|とんこつラーメン||NA17|n
何だ|なんだ||NA16|int
泣かせる|なかせる||NUNCLASSIFIED|v1 vt
ナッツ|ナッツ||NUNCLASSIFIED|n
ピーナッツ|ピーナッツ|N5|N5|n
ネイティブ|ネイティブ||NA11|adj-na n
ネイティブスピーカー|ネイティブスピーカー||NA11|n
はあはあ|はあはあ||NA19|adv vs
パイン|パイン||NUNCLASSIFIED|n
パイナップル|パイナップル||NA20|n
バスケ|バスケ||NUNCLASSIFIED|n
バスケットボール|バスケットボール||NA20|n
侍る|はべる||NA10|v5r vi
ハリー・ポッター|ハリー・ポッター||NUNCLASSIFIED|n
フライドポテト|フライドポテト||NA1|n
ブラックホール|ブラックホール||NUNCLASSIFIED|n
降り始める|ふりはじめる||NUNCLASSIFIED|v1 vi
プロテイン|プロテイン||NA9|n
ベジタリアン|ベジタリアン||NUNCLASSIFIED|n adj-no adj-na
ＰＥＴボトル|ペットボトル||NUNCLASSIFIED|n
真っ先に|まっさきに||NA7|adv
見回る|みまわる||NUNCLASSIFIED|v5r vi
目茶苦茶|めちゃくちゃ|N4|N4|adj-na n adv
破茶滅茶|はちゃめちゃ||NA16|adj-na n
持って来い|もってこい||NA1|exp adj-no
今日中に|きょうじゅうに|N4|N4|adv
収入|しゅうにゅう|N4|N4|n
駐日|ちゅうにち||NA18|adj-f
注入|ちゅうにゅう||NA3|n vs vt
牛肉|ぎゅうにく|N5|N5|n
吸入|きゅうにゅう||NA6|n vs adj-no
仲人|なこうど|N1|N1|n
興行収入|こうぎょうしゅうにゅう||NA5|n
中二病|ちゅうにびょう||NA9|n
就任|しゅうにん|N3|N3|n vs vi
急に|きゅうに|N4|N4|adv
収入源|しゅうにゅうげん||NA13|n
住人|じゅうにん|N1|N1|n
死中に活を求める|しちゅうにかつをもとめる||NA3|exp v1
十二分|じゅうにぶん||NA16|adj-na adj-no n
眼中にない|がんちゅうにない||NA16|exp adj-i
牛乳|ぎゅうにゅう|N5|N5|n
十二支|じゅうにし|N1|N1|n
ヨーダ|ヨーダ||NUNCLASSIFIED|n
通常の場合|つうじょうのばあい||NA5|n
今生の別れ|こんじょうのわかれ||NA14|exp n
今日のところは|きょうのところは||NA20|exp
臆病者|おくびょうもの||NA4|n
城門|じょうもん||NA11|n
弔問|ちょうもん||NA4|n vs vt
聴聞|ちょうもん||NA14|n vs vt
縄文|じょうもん||NA14|n
一行物|いちぎょうもの||NA8|n
消耗|しょうもう|N2|N2|n vs vt vi
消耗品|しょうもうひん||NA19|n
強がる|つよがる||NA1|v5r vi
善がる|よがる||NA16|v5r vi
ライフセーバー|ライフセーバー||NUNCLASSIFIED|n
ラムネ|ラムネ||NA5|n
リュックサック|リュックサック|N1|N1|n
リュック|リュック||NA1|n
ロードオブザリング|ロードオブザリング||NUNCLASSIFIED|n
初日の出|はつひので|N1|N1|exp n
力仕事|ちからしごと|N4|N4|n
単品|たんぴん||NA4|n
同文|どうぶん||NUNCLASSIFIED|n adj-no
声優|せいゆう|N1|N1|n
お姉ちゃん|おねえちゃん||NA20|n
姉ちゃん|ねえちゃん||NUNCLASSIFIED|n
嫁さん|よめさん||NUNCLASSIFIED|n
子沢山|こだくさん||NA7|n adj-no adj-na
手作業|てさぎょう||NUNCLASSIFIED|n
日本円|にほんえん||NUNCLASSIFIED|n
早める|はやめる|N1|N1|v1 vt
早め|はやめ||NA4|adj-no adj-na n
早めに|はやめに||NA5|adv
本当は|ほんとうは|N4|N4|
仕出かす|しでかす||NA2|v5s vt
来す|きたす||NA3|v5s vt
出来す|でかす||NA6|v5s vt
そぞろ歩き|そぞろあるき||NA14|n vs vi
飲み歩き|のみあるき||NA7|n
歩き|あるき||NUNCLASSIFIED|n adj-no
よちよち歩き|よちよちあるき||NA13|n adj-no
気持ちいい|||NE1|
気持ち良い|きもちよい|N1|N1|adj-ix
水疱瘡|みずぼうそう||NA6|n
おせっかい焼き|おせっかいやき||NA16|n
蒸し焼き|むしやき||NA19|n
焼付ける|やきつける||NA19|v1 vt
焼印|やきいん||NA8|n
すき焼き|すきやき||NA20|n
焼き芋|やきいも||NA18|n
焼き餅焼き|やきもちやき||NA4|n
焼き窯|やきがま||NA6|n
炭火焼き|すみびやき||NA3|n
どら焼き|どらやき||NA4|n
姿焼き|すがたやき||NA11|n
鉄板焼き|てっぱんやき||NA12|n
焼きもち|やきもち||NA13|n
焼きが回る|やきがまわる||NA14|exp v5r
焼き|やき||NUNCLASSIFIED|n n-suf
焼きごて|やきごて||NA13|n
焼き払う|やきはらう||NA12|v5u vt
目玉焼き|めだまやき||NA1|n
焼きそば|やきそば||NA20|n
父上|ちちうえ||NUNCLASSIFIED|n
短パン|たんパン||NA7|n
空耳|そらみみ||NA9|n
網棚|あみだな||NUNCLASSIFIED|n
自信満々|じしんまんまん||NA3|adj-na adj-no adj-t adv-to
重金属|じゅうきんぞく||NA8|n
食いしん坊|くいしんぼう||NA1|n adj-na adj-no
食い下がる|くいさがる||NA18|v5r vi
大食い|おおぐい||NA7|n adj-na vs
食い入るように|くいいるように||NA16|exp adv
食い|くい||NUNCLASSIFIED|n
犬食い|いぬぐい|N1|N1|n vs vi
面食い|めんくい||NA3|n
食い物|くいもの|N1|N1|n
虫食い|むしくい||NA4|adj-no n
盗み食い|ぬすみぐい||NA8|n vs vt
共食い|ともぐい||NA8|n vs vi
食い違い|くいちがい||NA11|n
食いつく|くいつく||NA8|v5k vi
人食い|ひとくい|N1|N1|n adj-no
踊り食い|おどりぐい||NA14|n
食い違う|くいちがう|N2|N2|v5u vi
食い扶持|くいぶち||NA14|n
食いしばる|くいしばる||NA16|v5r vt
食い倒れ|くいだおれ||NA17|n
拾い食い|ひろいぐい||NA16|n vs
大物食い|おおものぐい||NA8|n
食い入る|くいいる||NA16|v5r vi
食い止める|くいとめる||NA5|v1 vt
痩せの大食い|やせのおおぐい||NA7|exp n
食い殺す|くいころす||NA10|v5s vt
木食い虫|きくいむし||NA1|n
