word|kana|jlpt_level
あくび||N3
あちこち||N3
あっ||N3
あれこれ||N3
いたずら||N3
いつでも||N3
いつまでも||N3
いよいよ||N3
いらっしゃい||N3
いわゆる||N3
うがい||N3
うっかり||N3
うどん||N3
うろうろ||N3
おや||N3
お互|たが|N3
お代|か|N3
お喋|しゃべ|N3
お待|ま|N3
お手伝|てつだ|N3
お掛|か|N3
お構|かま|N3
お目|め|N3
お邪魔|じゃま|N3
かなり||N3
かも知|し|N3
からかう||N3
ぎっしり||N3
くっ付|つ|N3
くれぐれも||N3
こう||N3
こうして||N3
こしらえる||N3
こちらこそ||N3
こっそり||N3
ご免|めん|N3
ご無沙汰|ぶさた|N3
さっき||N3
さっぱり||N3
さて||N3
ざっと||N3
しかも||N3
しつこい||N3
しばしば||N3
しみじみ||N3
しゃがむ||N3
しゃっくり||N3
しゃぶる||N3
しゃれ||N3
じっと||N3
じゃん拳|けん|N3
すっきり||N3
すり||N3
すれ違|ちが|N3
ずらり||N3
ずれる||N3
せっせと||N3
せめて||N3
そうして||N3
そう言|い|N3
そこで||N3
そそっかしい||N3
そっくり||N3
そっと||N3
そのまま||N3
その上|うえ|N3
その内|うち|N3
それでも||N3
それと||N3
それとも||N3
それなのに||N3
それなら||N3
たっぷり||N3
ためらう||N3
ため息|いき|N3
だが||N3
だけど||N3
だって||N3
だらし無|な|N3
ちゃんと||N3
ちり||N3
ちり紙|がみ|N3
ですから||N3
でたらめ||N3
ともかく||N3
とんでも無|な|N3
どうしても||N3
どうせ||N3
どこか||N3
どっと||N3
なぜなら||N3
にっこり||N3
ねじ||N3
のろのろ||N3
のんき||N3
のんびり||N3
はきはき||N3
はやり||N3
はやる||N3
ばったり||N3
ひっくり返|かえ|N3
ぴかぴか||N3
ぴったり||N3
ふざける||N3
ぶつぶつ||N3
ぶら下|さ|N3
へそ||N3
ほこり||N3
ぼろ||N3
ぼんやり||N3
まあ||N3
まごまご||N3
まさか||N3
まとまる||N3
まとめる||N3
まぶた||N3
めっきり||N3
もしかしたら||N3
もしかすると||N3
もたれる||N3
やむを得|え|N3
やや||N3
ようやく||N3
より||N3
よる||N3
よると||N3
れんが||N3
わがまま||N3
アウト||N3
アクセント||N3
アンテナ||N3
イコール||N3
インク||N3
インタビュー||N3
ウイスキー||N3
ウェイトレス||N3
ウーマン||N3
ウール||N3
エチケット||N3
エプロン||N3
エンジン||N3
オイル||N3
オフィス||N3
オルガン||N3
オーケストラ||N3
オートメーション||N3
オーバー||N3
オーバーコート||N3
カセット||N3
カバー||N3
カロリー||N3
カー||N3
カーブ||N3
ガム||N3
キャプテン||N3
キャンパス||N3
ギャング||N3
クラシック||N3
クリーニング||N3
クリーム||N3
クーラー||N3
グラウンド||N3
コック||N3
コレラ||N3
コンクリート||N3
コンクール||N3
コード||N3
コーラス||N3
ゴム||N3
ゴール||N3
サイレン||N3
サンプル||N3
サービス||N3
シャッター||N3
シーズン||N3
シーツ||N3
ジェット機|き|N3
スケジュール||N3
スケート||N3
スタイル||N3
スタンド||N3
スター||N3
スタート||N3
スチュワーデス||N3
ステージ||N3
ストッキング||N3
スピーカー||N3
スマート||N3
スライド||N3
セメント||N3
センター||N3
ゼミ||N3
タイプライター||N3
タイヤ||N3
ダイアグラム||N3
ダイヤ||N3
ダイヤモンド||N3
ダイヤル||N3
ダム||N3
チャンス||N3
チョーク||N3
チーズ||N3
チーム||N3
テニスコート||N3
テント||N3
テンポ||N3
テーマ||N3
デモ||N3
トップ||N3
トラック||N3
トランプ||N3
トレーニング||N3
トンネル||N3
ドキドキ||N3
ドラマ||N3
ドレス||N3
ナイロン||N3
ナンバー||N3
ネックレス||N3
ノック||N3
ハンサム||N3
ハンドル||N3
ハンバーグ||N3
バイオリン||N3
バケツ||N3
バック||N3
バランス||N3
バン||N3
パイプ||N3
パイロット||N3
パス||N3
パターン||N3
パンツ||N3
パーセント||N3
ビタミン||N3
ビデオ||N3
ビニール||N3
ビルディング||N3
ピクニック||N3
ピストル||N3
ピン||N3
ファスナー||N3
フライパン||N3
フワフワ||N3
ブラウス||N3
ブレーキ||N3
ブローチ||N3
プラス||N3
プラスチック||N3
プラットホーム||N3
プラン||N3
プリント||N3
プロ||N3
プログラム||N3
ヘリコプター||N3
ベテラン||N3
ベルト||N3
ベージュ||N3
ペンチ||N3
ボタン||N3
ボーイ||N3
ボーナス||N3
マイナス||N3
マスク||N3
マスター||N3
マッチ||N3
マラソン||N3
マーケット||N3
ミシン||N3
モダン||N3
モデル||N3
モノレール||N3
モーター||N3
ユーモア||N3
ヨット||N3
ライター||N3
ラケット||N3
ラジカセ||N3
ラッシュアワー||N3
ランチ||N3
ランニング||N3
リズム||N3
リボン||N3
レインコート||N3
レクリエーション||N3
レジャー||N3
レベル||N3
レンズ||N3
ロケット||N3
ロッカー||N3
ロビー||N3
ローマ字|じ|N3
ワンピース||N3
一休|ひとやす|N3
一体|いったい|N3
一先|ひとま|N3
一定|いってい|N3
一家|いっか|N3
一層|いっそう|N3
一応|いちおう|N3
一斉|いっせい|N3
一旦|いったん|N3
一昨昨日|さきおととい|N3
一流|いちりゅう|N3
一瞬|いっしゅん|N3
一種|いっしゅ|N3
一致|いっち|N3
一般|いっぱん|N3
一言|ひとこと|N3
万歳|ばんざい|N3
三日月|みかづき|N3
上下|じょうげ|N3
上旬|じょうじゅん|N3
下品|げひん|N3
下旬|げじゅん|N3
下線|かせん|N3
下車|げしゃ|N3
不|ふ|N3
不利|ふり|N3
不幸|ふこう|N3
不正|ふせい|N3
不満|ふまん|N3
不自由|ふじゆう|N3
不規則|ふきそく|N3
不足|ふそく|N3
世|よ|N3
世紀|せいき|N3
世間|せけん|N3
丘|おか|N3
両側|りょうがわ|N3
並行|へいこう|N3
中央|ちゅうおう|N3
中学|ちゅうがく|N3
中年|ちゅうねん|N3
中心|ちゅうしん|N3
中旬|ちゅうじゅん|N3
中止|ちゅうし|N3
中身|なかみ|N3
中間|ちゅうかん|N3
主張|しゅちょう|N3
主役|しゅやく|N3
主義|しゅぎ|N3
主要|しゅよう|N3
乗客|じょうきゃく|N3
乱暴|らんぼう|N3
予備|よび|N3
予測|よそく|N3
予算|よさん|N3
予防|よぼう|N3
事件|じけん|N3
事務|じむ|N3
事実|じじつ|N3
事情|じじょう|N3
事態|じたい|N3
互|たが|N3
井戸|いど|N3
亜|あ|N3
交|ま|N3
交代|こうたい|N3
交差|こうさ|N3
交流|こうりゅう|N3
人事|じんじ|N3
人差|ひとさ|N3
人物|じんぶつ|N3
人生|じんせい|N3
人種|じんしゅ|N3
人間|にんげん|N3
今回|こんかい|N3
今後|こんご|N3
仕様|しよう|N3
付属|ふぞく|N3
付近|ふきん|N3
代理|だいり|N3
代表|だいひょう|N3
代金|だいきん|N3
以前|いぜん|N3
以後|いご|N3
以来|いらい|N3
仮名|かな|N3
仮名遣|かなづか|N3
仲直|なかなお|N3
仲間|なかま|N3
企業|きぎょう|N3
休憩|きゅうけい|N3
休暇|きゅうか|N3
休業|きゅうぎょう|N3
会合|かいごう|N3
会員|かいいん|N3
会計|かいけい|N3
会談|かいだん|N3
会館|かいかん|N3
伝統|でんとう|N3
伸|の|N3
但|ただ|N3
位|くらい|N3
位置|いち|N3
低下|ていか|N3
住宅|じゅうたく|N3
住民|じゅうみん|N3
体制|たいせい|N3
体系|たいけい|N3
体育|たいいく|N3
体重|たいじゅう|N3
余所|よそ|N3
余裕|よゆう|N3
余計|よけい|N3
作成|さくせい|N3
作曲|さっきょく|N3
作業|さぎょう|N3
作物|さくもつ|N3
作者|さくしゃ|N3
作製|さくせい|N3
使用|しよう|N3
例外|れいがい|N3
供給|きょうきゅう|N3
価格|かかく|N3
便所|べんじょ|N3
便箋|びんせん|N3
俄|にわ|N3
保存|ほぞん|N3
信用|しんよう|N3
信頼|しんらい|N3
修正|しゅうせい|N3
修理|しゅうり|N3
倉庫|そうこ|N3
個人|こじん|N3
個体|こたい|N3
候補|こうほ|N3
借金|しゃっきん|N3
偉|えら|N3
偉大|いだい|N3
停止|ていし|N3
停車|ていしゃ|N3
停電|ていでん|N3
側|そば|N3
偶々|たまたま|N3
備|そな|N3
催|もよお|N3
傷|きず|N3
傾|かたむ|N3
傾向|けいこう|N3
僅|わず|N3
儀式|ぎしき|N3
優秀|ゆうしゅう|N3
儲|もう|N3
元々|もともと|N3
元日|がんじつ|N3
先々月|せんせんげつ|N3
先先週|せんせんしゅう|N3
先日|せんじつ|N3
先端|せんたん|N3
先頭|せんとう|N3
光景|こうけい|N3
光線|こうせん|N3
克服|こくふく|N3
免税|めんぜい|N3
児童|じどう|N3
入場|にゅうじょう|N3
入学|にゅうがく|N3
入社|にゅうしゃ|N3
全体|ぜんたい|N3
全員|ぜんいん|N3
全国|ぜんこく|N3
全般|ぜんぱん|N3
全身|ぜんしん|N3
公共|こうきょう|N3
公害|こうがい|N3
公式|こうしき|N3
公演|こうえん|N3
公表|こうひょう|N3
共|とも|N3
共同|きょうどう|N3
共通|きょうつう|N3
具体|ぐたい|N3
典型|てんけい|N3
内|うち|N3
内容|ないよう|N3
内戦|ないせん|N3
円周|えんしゅう|N3
再|ふたた|N3
再三|さいさん|N3
冒険|ぼうけん|N3
冠|かんむり|N3
冷凍|れいとう|N3
冷静|れいせい|N3
凍|こご|N3
凡|およ|N3
処理|しょり|N3
凹|へこ|N3
出会|であ|N3
出入|でい|N3
出場|しゅつじょう|N3
出席|しゅっせき|N3
出来事|できごと|N3
出版|しゅっぱん|N3
出発|しゅっぱつ|N3
出迎|でむか|N3
分数|ぶんすう|N3
分析|ぶんせき|N3
刑事|けいじ|N3
列|れつ|N3
列島|れっとう|N3
列車|れっしゃ|N3
判事|はんじ|N3
判子|はんこ|N3
判断|はんだん|N3
別荘|べっそう|N3
利害|りがい|N3
利益|りえき|N3
到着|とうちゃく|N3
到頭|とうとう|N3
制作|せいさく|N3
制度|せいど|N3
制限|せいげん|N3
刺激|しげき|N3
刺身|さしみ|N3
剃刀|かみそり|N3
前進|ぜんしん|N3
剥|む|N3
副詞|ふくし|N3
割引|わりびき|N3
功績|こうせき|N3
加|くわ|N3
加減|かげん|N3
加速|かそく|N3
助手|じょしゅ|N3
助教授|じょきょうじゅ|N3
努|つと|N3
努力|どりょく|N3
労働|ろうどう|N3
効|き|N3
効果|こうか|N3
動作|どうさ|N3
勝手|かって|N3
勝負|しょうぶ|N3
勢|いきお|N3
勿体|もったい|N3
包丁|ほうちょう|N3
包帯|ほうたい|N3
包装|ほうそう|N3
化学|かがく|N3
北極|ほっきょく|N3
区域|くいき|N3
十四|じゅうよん|N3
千切|ちぎ|N3
半島|はんとう|N3
半径|はんけい|N3
協調|きょうちょう|N3
南北|なんぼく|N3
南極|なんきょく|N3
南米|なんべい|N3
単|たん|N3
単位|たんい|N3
単数|たんすう|N3
単純|たんじゅん|N3
博士|はかせ|N3
博物館|はくぶつかん|N3
印|しるし|N3
印刷|いんさつ|N3
印象|いんしょう|N3
却|かえ|N3
原|はら|N3
原子|げんし|N3
原料|げんりょう|N3
原理|げんり|N3
原稿|げんこう|N3
厳重|げんじゅう|N3
参考|さんこう|N3
友|とも|N3
友好|ゆうこう|N3
友情|ゆうじょう|N3
反省|はんせい|N3
収|おさ|N3
収穫|しゅうかく|N3
叔父|おじ|N3
受験|じゅけん|N3
口紅|くちべに|N3
古典|こてん|N3
叩|たた|N3
可|か|N3
可決|かけつ|N3
可能|かのう|N3
叱|しか|N3
司会|しかい|N3
各|かく|N3
各地|かくち|N3
合同|ごうどう|N3
合格|ごうかく|N3
合計|ごうけい|N3
吊|つ|N3
同一|どういつ|N3
同時|どうじ|N3
同様|どうよう|N3
名作|めいさく|N3
名刺|めいし|N3
名字|みょうじ|N3
名所|めいしょ|N3
名物|めいぶつ|N3
名詞|めいし|N3
吠|ほ|N3
否|ひ|N3
否定|ひてい|N3
含|ふく|N3
吸収|きゅうしゅう|N3
呆|あき|N3
周囲|しゅうい|N3
周辺|しゅうへん|N3
呼吸|こきゅう|N3
命|いのち|N3
和服|わふく|N3
和英|わえい|N3
品|しな|N3
哲学|てつがく|N3
唯一|ゆいいつ|N3
唸|うな|N3
商品|しょうひん|N3
商売|しょうばい|N3
商店|しょうてん|N3
商業|しょうぎょう|N3
商社|しょうしゃ|N3
問答|もんどう|N3
喧|やかま|N3
営業|えいぎょう|N3
嗅|か|N3
器具|きぐ|N3
噴水|ふんすい|N3
噴火|ふんか|N3
囁|ささや|N3
四|よ|N3
回復|かいふく|N3
回数|かいすう|N3
回転|かいてん|N3
団体|だんたい|N3
団地|だんち|N3
困難|こんなん|N3
囲|かこ|N3
図|ず|N3
図々|ずうずう|N3
図書|としょ|N3
国会|こっかい|N3
国境|こっきょう|N3
国家|こっか|N3
国民|こくみん|N3
国王|こくおう|N3
国立|こくりつ|N3
国籍|こくせき|N3
国語|こくご|N3
園|その|N3
土|つち|N3
土地|とち|N3
土曜|どよう|N3
在学|ざいがく|N3
地|ち|N3
地位|ちい|N3
地区|ちく|N3
地名|ちめい|N3
地味|じみ|N3
地域|ちいき|N3
地帯|ちたい|N3
地方|ちほう|N3
地点|ちてん|N3
地球|ちきゅう|N3
地盤|じばん|N3
坊|ぼう|N3
型|かた|N3
埋|う|N3
執筆|しっぴつ|N3
基地|きち|N3
基本|きほん|N3
基準|きじゅん|N3
基盤|きばん|N3
基金|ききん|N3
堀|ほり|N3
堪|たま|N3
報告|ほうこく|N3
場|ば|N3
塞|ふさ|N3
境|さかい|N3
境界|きょうかい|N3
墓|はか|N3
増加|ぞうか|N3
増大|ぞうだい|N3
売買|ばいばい|N3
変化|へんか|N3
変更|へんこう|N3
夕刊|ゆうかん|N3
夕日|ゆうひ|N3
夕立|ゆうだち|N3
外交|がいこう|N3
外部|がいぶ|N3
多少|たしょう|N3
夜行|やこう|N3
夜間|やかん|N3
大会|たいかい|N3
大使|たいし|N3
大凡|おおよそ|N3
大半|たいはん|N3
大層|たいそう|N3
大工|だいく|N3
大戦|たいせん|N3
大気|たいき|N3
大臣|だいじん|N3
大部分|だいぶぶん|N3
大陸|たいりく|N3
天候|てんこう|N3
天然|てんねん|N3
天皇|てんのう|N3
夫人|ふじん|N3
夫妻|ふさい|N3
夫婦|ふうふ|N3
失|うしな|N3
失業|しつぎょう|N3
奇妙|きみょう|N3
契約|けいやく|N3
奪|うば|N3
女優|じょゆう|N3
女子|じょし|N3
女王|じょおう|N3
姉妹|しまい|N3
委員|いいん|N3
姪|めい|N3
姿|すがた|N3
姿勢|しせい|N3
娯楽|ごらく|N3
婦人|ふじん|N3
嫁|よめ|N3
存|ぞん|N3
存在|そんざい|N3
学会|がっかい|N3
学科|がっか|N3
学習|がくしゅう|N3
学者|がくしゃ|N3
学術|がくじゅつ|N3
学部|がくぶ|N3
孫|まご|N3
孰|いず|N3
宇宙|うちゅう|N3
安定|あんてい|N3
安易|あんい|N3
完全|かんぜん|N3
宗教|しゅうきょう|N3
官庁|かんちょう|N3
定員|ていいん|N3
定期|ていき|N3
定規|じょうぎ|N3
宛名|あてな|N3
実力|じつりょく|N3
実感|じっかん|N3
実施|じっし|N3
実現|じつげん|N3
実用|じつよう|N3
実績|じっせき|N3
実行|じっこう|N3
実際|じっさい|N3
実験|じっけん|N3
客間|きゃくま|N3
宣伝|せんでん|N3
家主|やぬし|N3
容器|ようき|N3
容易|ようい|N3
容積|ようせき|N3
宿|やど|N3
宿泊|しゅくはく|N3
寄付|きふ|N3
寄越|よこ|N3
寒帯|かんたい|N3
審判|しんぱん|N3
寺院|じいん|N3
対|たい|N3
対策|たいさく|N3
対象|たいしょう|N3
寿命|じゅみょう|N3
専門|せんもん|N3
射|さ|N3
尊敬|そんけい|N3
尊重|そんちょう|N3
小人|しょうにん|N3
小屋|こや|N3
小数|しょうすう|N3
小母|おば|N3
少女|しょうじょ|N3
少年|しょうねん|N3
尖|とが|N3
尚|なお|N3
就任|しゅうにん|N3
尻尾|しっぽ|N3
局|きょく|N3
屋根|やね|N3
屑|くず|N3
展開|てんかい|N3
岩|いわ|N3
岬|みさき|N3
岸|きし|N3
崩|くず|N3
嵌|は|N3
州|しゅう|N3
巡|めぐ|N3
巡査|じゅんさ|N3
巣|す|N3
工事|こうじ|N3
工夫|くふう|N3
工芸|こうげい|N3
左右|さゆう|N3
巨大|きょだい|N3
差別|さべつ|N3
巻|ま|N3
市場|いちば|N3
布|ぬの|N3
希望|きぼう|N3
帯|おび|N3
常|つね|N3
常識|じょうしき|N3
幅|はば|N3
干|ほ|N3
干渉|かんしょう|N3
平|たい|N3
平均|へいきん|N3
平等|びょうどう|N3
平野|へいや|N3
年代|ねんだい|N3
年寄|としよ|N3
年度|ねんど|N3
年齢|ねんれい|N3
幼児|ようじ|N3
幼稚|ようち|N3
幼稚園|ようちえん|N3
広々|ひろびろ|N3
広場|ひろば|N3
床|ゆか|N3
店屋|みせや|N3
座席|ざせき|N3
延長|えんちょう|N3
建築|けんちく|N3
建設|けんせつ|N3
式|しき|N3
強力|きょうりょく|N3
強化|きょうか|N3
強引|ごういん|N3
強気|つよき|N3
強盗|ごうとう|N3
当分|とうぶん|N3
当初|とうしょ|N3
当日|とうじつ|N3
当時|とうじ|N3
当番|とうばん|N3
形容動詞|けいようどうし|N3
形式|けいしき|N3
彫|ほ|N3
彫刻|ちょうこく|N3
役人|やくにん|N3
役所|やくしょ|N3
役目|やくめ|N3
役者|やくしゃ|N3
待合室|まちあいしつ|N3
従兄弟|いとこ|N3
御|お|N3
御中|おんちゅう|N3
御数|おかず|N3
御目出度|おめでた|N3
微妙|びみょう|N3
微笑|ほほえ|N3
徹底|てってい|N3
心理|しんり|N3
心臓|しんぞう|N3
心身|しんしん|N3
必死|ひっし|N3
必需品|ひつじゅひん|N3
応|おう|N3
応援|おうえん|N3
応用|おうよう|N3
快適|かいてき|N3
忽|たちま|N3
思想|しそう|N3
急激|きゅうげき|N3
急速|きゅうそく|N3
性|せい|N3
性別|せいべつ|N3
性能|せいのう|N3
恋|こい|N3
恋人|こいびと|N3
恐怖|きょうふ|N3
恐縮|きょうしゅく|N3
恩恵|おんけい|N3
息|いき|N3
恵|めぐ|N3
悠々|ゆうゆう|N3
患者|かんじゃ|N3
悲劇|ひげき|N3
惨|みじ|N3
想像|そうぞう|N3
意思|いし|N3
意義|いぎ|N3
意識|いしき|N3
愛情|あいじょう|N3
感想|かんそう|N3
感覚|かんかく|N3
態|わざ|N3
態度|たいど|N3
慰|なぐさ|N3
憎|にく|N3
憧|あこが|N3
憲法|けんぽう|N3
成分|せいぶん|N3
成立|せいりつ|N3
成長|せいちょう|N3
我々|われわれ|N3
戦|たたか|N3
扇|あお|N3
手前|てまえ|N3
手帳|てちょう|N3
手段|しゅだん|N3
手続|てつづ|N3
才能|さいのう|N3
打付|ぶつ|N3
批判|ひはん|N3
批評|ひひょう|N3
承知|しょうち|N3
技師|ぎし|N3
投票|とうひょう|N3
抗議|こうぎ|N3
折角|せっかく|N3
抜|ぬ|N3
抵抗|ていこう|N3
担当|たんとう|N3
拍手|はくしゅ|N3
招|まね|N3
拡充|かくじゅう|N3
拡大|かくだい|N3
拭|ふ|N3
指定|してい|N3
指導|しどう|N3
挟|はさ|N3
振興|しんこう|N3
捜査|そうさ|N3
捜索|そうさく|N3
捩|ねじ|N3
捻|ひね|N3
掃|は|N3
掘|ほ|N3
採点|さいてん|N3
接続|せつぞく|N3
接近|せっきん|N3
推定|すいてい|N3
推薦|すいせん|N3
掬|すく|N3
掴|つか|N3
揉|も|N3
提出|ていしゅつ|N3
提案|ていあん|N3
援助|えんじょ|N3
損|そん|N3
損害|そんがい|N3
摩擦|まさつ|N3
撃|う|N3
撒|ま|N3
撫|な|N3
撮影|さつえい|N3
擦|こす|N3
支|ささ|N3
支出|ししゅつ|N3
支払|しはら|N3
支給|しきゅう|N3
支配|しはい|N3
改|あらた|N3
改善|かいぜん|N3
改正|かいせい|N3
改造|かいぞう|N3
攻|せ|N3
攻撃|こうげき|N3
放送|ほうそう|N3
政党|せいとう|N3
故郷|ふるさと|N3
救助|きゅうじょ|N3
教授|きょうじゅ|N3
教養|きょうよう|N3
散|ち|N3
敬|うやま|N3
数字|すうじ|N3
整備|せいび|N3
整数|せいすう|N3
整理|せいり|N3
敷|し|N3
敷地|しきち|N3
文|ぶん|N3
文体|ぶんたい|N3
文明|ぶんめい|N3
文芸|ぶんげい|N3
断定|だんてい|N3
新鮮|しんせん|N3
方々|かたがた|N3
方向|ほうこう|N3
方法|ほうほう|N3
方程式|ほうていしき|N3
方角|ほうがく|N3
方針|ほうしん|N3
旗|はた|N3
既|すで|N3
日中|にっちゅう|N3
日付|ひづけ|N3
日差|ひざ|N3
日常|にちじょう|N3
日日|ひにち|N3
日曜|にちよう|N3
日程|にってい|N3
日陰|ひかげ|N3
旧|きゅう|N3
明々後日|しあさって|N3
昨|さく|N3
時期|じき|N3
時速|じそく|N3
普及|ふきゅう|N3
普段|ふだん|N3
景気|けいき|N3
暗記|あんき|N3
書店|しょてん|N3
書籍|しょせき|N3
書道|しょどう|N3
替|か|N3
最中|さいちゅう|N3
最低|さいてい|N3
最終|さいしゅう|N3
最高|さいこう|N3
有利|ゆうり|N3
有効|ゆうこう|N3
有無|うむ|N3
服装|ふくそう|N3
朗|ほが|N3
望|のぞ|N3
望遠鏡|ぼうえんきょう|N3
期待|きたい|N3
木材|もくざい|N3
末|まつ|N3
本人|ほんにん|N3
本来|ほんらい|N3
本物|ほんもの|N3
本部|ほんぶ|N3
札|さつ|N3
材料|ざいりょう|N3
条件|じょうけん|N3
来日|らいにち|N3
東洋|とうよう|N3
東西|とうざい|N3
板|いた|N3
枕|まくら|N3
枚数|まいすう|N3
果|は|N3
果実|かじつ|N3
架空|かくう|N3
柄|え|N3
栄養|えいよう|N3
校舎|こうしゃ|N3
株|かぶ|N3
根|ね|N3
案外|あんがい|N3
梅|うめ|N3
棒|ぼう|N3
森林|しんりん|N3
椀|わん|N3
植物|しょくぶつ|N3
検査|けんさ|N3
検討|けんとう|N3
構想|こうそう|N3
構成|こうせい|N3
構造|こうぞう|N3
様々|さまざま|N3
標準|ひょうじゅん|N3
権利|けんり|N3
機能|きのう|N3
機関|きかん|N3
櫛|くし|N3
欄|らん|N3
欠|か|N3
欠陥|けっかん|N3
次々|つぎつぎ|N3
欧米|おうべい|N3
欲張|よくば|N3
歌留多|かるた|N3
歓迎|かんげい|N3
正午|しょうご|N3
正式|せいしき|N3
正直|しょうじき|N3
正門|せいもん|N3
正面|しょうめん|N3
此間|こないだ|N3
武器|ぶき|N3
武士|ぶし|N3
歩道|ほどう|N3
死亡|しぼう|N3
死体|したい|N3
段階|だんかい|N3
殺|ころ|N3
殿|どの|N3
母親|ははおや|N3
毎度|まいど|N3
比較|ひかく|N3
毛糸|けいと|N3
氏名|しめい|N3
民謡|みんよう|N3
民間|みんかん|N3
気候|きこう|N3
気味|きみ|N3
気象|きしょう|N3
気配|けはい|N3
水曜|すいよう|N3
水準|すいじゅん|N3
水産|すいさん|N3
水面|すいめん|N3
氷|こおり|N3
汗|あせ|N3
汚染|おせん|N3
汲|く|N3
決定|けってい|N3
油|あぶら|N3
油断|ゆだん|N3
泉|いずみ|N3
法|ほう|N3
法則|ほうそく|N3
注|ちゅう|N3
洋品店|ようひんてん|N3
活力|かつりょく|N3
活用|かつよう|N3
活躍|かつやく|N3
派手|はで|N3
流|なが|N3
流域|りゅういき|N3
流石|さすが|N3
浮|う|N3
浴衣|ゆかた|N3
海洋|かいよう|N3
消極的|しょうきょくてき|N3
消毒|しょうどく|N3
消費|しょうひ|N3
消防|しょうぼう|N3
消防署|しょうぼうしょ|N3
涙|なみだ|N3
深刻|しんこく|N3
深夜|しんや|N3
混乱|こんらん|N3
清掃|せいそう|N3
清書|せいしょ|N3
渋滞|じゅうたい|N3
温室|おんしつ|N3
温度|おんど|N3
温暖|おんだん|N3
測定|そくてい|N3
湧|わ|N3
湯気|ゆげ|N3
湾|わん|N3
満員|まんいん|N3
満点|まんてん|N3
溜|た|N3
溢|あふ|N3
溶|と|N3
溶岩|ようがん|N3
溺|おぼ|N3
滞在|たいざい|N3
漁師|りょうし|N3
漁業|ぎょぎょう|N3
演劇|えんげき|N3
演奏|えんそう|N3
演技|えんぎ|N3
演説|えんぜつ|N3
漢和|かんわ|N3
潜|もぐ|N3
潜在|せんざい|N3
潰|つぶ|N3
濃度|のうど|N3
瀬|せ|N3
瀬戸物|せともの|N3
火口|かこう|N3
火山|かざん|N3
火曜|かよう|N3
火災|かさい|N3
灯油|とうゆ|N3
灰|はい|N3
災難|さいなん|N3
炊|た|N3
炙|あぶ|N3
炭鉱|たんこう|N3
点々|てんてん|N3
為替|かわせ|N3
無事|ぶじ|N3
無地|むじ|N3
無数|むすう|N3
無沙汰|ぶさた|N3
無限|むげん|N3
焦点|しょうてん|N3
煙|けむり|N3
煮|に|N3
熱帯|ねったい|N3
燃|も|N3
爆発|ばくはつ|N3
父母|ふぼ|N3
爽|さわ|N3
牧場|ぼくじょう|N3
牧畜|ぼくちく|N3
物差|ものさ|N3
物理|ぶつり|N3
物置|ものおき|N3
物語|ものがた|N3
物質|ぶっしつ|N3
物騒|ぶっそう|N3
特定|とくてい|N3
特徴|とくちょう|N3
特殊|とくしゅ|N3
特色|とくしょく|N3
犯罪|はんざい|N3
状態|じょうたい|N3
状況|じょうきょう|N3
狙|ねら|N3
狡|ずる|N3
独|ひと|N3
独特|どくとく|N3
独立|どくりつ|N3
独身|どくしん|N3
率|りつ|N3
率直|そっちょく|N3
現代|げんだい|N3
現在|げんざい|N3
現実|げんじつ|N3
現状|げんじょう|N3
現象|げんしょう|N3
球|きゅう|N3
理科|りか|N3
理解|りかい|N3
琴|こと|N3
瓦|かわら|N3
瓶|びん|N3
生命|せいめい|N3
生存|せいぞん|N3
生憎|あいにく|N3
生物|せいぶつ|N3
生産|せいさん|N3
産地|さんち|N3
甥|おい|N3
用心|ようじん|N3
用紙|ようし|N3
用語|ようご|N3
用途|ようと|N3
申請|しんせい|N3
男子|だんし|N3
画家|がか|N3
略|りゃく|N3
異常|いじょう|N3
疑問|ぎもん|N3
疾|と|N3
症状|しょうじょう|N3
痒|かゆ|N3
痺|しび|N3
発売|はつばい|N3
発射|はっしゃ|N3
発展|はってん|N3
発想|はっそう|N3
発揮|はっき|N3
発条|ばね|N3
発行|はっこう|N3
発見|はっけん|N3
発達|はったつ|N3
発電|はつでん|N3
白髪|しらが|N3
的|てき|N3
的確|てきかく|N3
皮|かわ|N3
皮膚|ひふ|N3
盆|ぼん|N3
盆地|ぼんち|N3
益々|ますます|N3
盗難|とうなん|N3
監督|かんとく|N3
目上|めうえ|N3
目下|めした|N3
目出度|めでた|N3
目印|めじるし|N3
目安|めやす|N3
目指|めざ|N3
目次|もくじ|N3
目立|めだ|N3
目覚|めざ|N3
直前|ちょくぜん|N3
直後|ちょくご|N3
直接|ちょくせつ|N3
直線|ちょくせん|N3
直角|ちょっかく|N3
相互|そうご|N3
相当|そうとう|N3
相撲|すもう|N3
相続|そうぞく|N3
相違|そうい|N3
省|はぶ|N3
省略|しょうりゃく|N3
看板|かんばん|N3
真似|まね|N3
眩|まぶ|N3
睡眠|すいみん|N3
睨|にら|N3
瞬間|しゅんかん|N3
矛盾|むじゅん|N3
矢印|やじるし|N3
矢張|やは|N3
知事|ちじ|N3
知人|ちじん|N3
知恵|ちえ|N3
知識|ちしき|N3
短期|たんき|N3
石油|せきゆ|N3
石炭|せきたん|N3
研修|けんしゅう|N3
破|やぶ|N3
破産|はさん|N3
碗|わん|N3
確実|かくじつ|N3
示|しめ|N3
神|かみ|N3
神経|しんけい|N3
神話|しんわ|N3
祭日|さいじつ|N3
禁煙|きんえん|N3
私立|しりつ|N3
私鉄|してつ|N3
科目|かもく|N3
秤|はかり|N3
移転|いてん|N3
稀|まれ|N3
程|ほど|N3
程度|ていど|N3
税|ぜい|N3
種|たね|N3
稲|いね|N3
積極的|せっきょくてき|N3
穴|あな|N3
空中|くうちゅう|N3
突|つ|N3
窓口|まどぐち|N3
立派|りっぱ|N3
章|しょう|N3
童話|どうわ|N3
競技|きょうぎ|N3
競馬|けいば|N3
笑顔|えがお|N3
筆|ふで|N3
筆者|ひっしゃ|N3
筆記|ひっき|N3
筋|すじ|N3
筋肉|きんにく|N3
箇所|かしょ|N3
箒|ほうき|N3
算盤|そろばん|N3
管|かん|N3
節|ふし|N3
範囲|はんい|N3
精々|せいぜい|N3
精神|せいしん|N3
納得|なっとく|N3
純情|じゅんじょう|N3
純粋|じゅんすい|N3
紙屑|かみくず|N3
紙幣|しへい|N3
級|きゅう|N3
素人|しろうと|N3
素直|すなお|N3
紺|こん|N3
終了|しゅうりょう|N3
組|く|N3
組合|くみあい|N3
組織|そしき|N3
経営|けいえい|N3
経度|けいど|N3
経由|けいゆ|N3
結局|けっきょく|N3
結論|けつろん|N3
給与|きゅうよ|N3
統一|とういつ|N3
統計|とうけい|N3
絵画|かいが|N3
絶|た|N3
絶滅|ぜつめつ|N3
継続|けいぞく|N3
続々|ぞくぞく|N3
維持|いじ|N3
綴|と|N3
総理大臣|そうりだいじん|N3
総量|そうりょう|N3
編集|へんしゅう|N3
緩|ゆる|N3
縁|ふち|N3
縮|ちぢ|N3
縮小|しゅくしょう|N3
繁栄|はんえい|N3
繋|つな|N3
繰|く|N3
罪|つみ|N3
署名|しょめい|N3
罹|かか|N3
羊毛|ようもう|N3
群|む|N3
義務|ぎむ|N3
翼|つばさ|N3
老人|ろうじん|N3
職|しょく|N3
職人|しょくにん|N3
職場|しょくば|N3
職業|しょくぎょう|N3
肌|はだ|N3
肌着|はだぎ|N3
肘|ひじ|N3
育児|いくじ|N3
胃|い|N3
胡椒|こしょう|N3
能|のう|N3
脂|あぶら|N3
脅|おど|N3
腫|は|N3
腰|こし|N3
膨大|ぼうだい|N3
臨時|りんじ|N3
自国|じこく|N3
自宅|じたく|N3
自己|じこ|N3
自殺|じさつ|N3
自治|じち|N3
自衛|じえい|N3
自身|じしん|N3
臭|くさ|N3
至急|しきゅう|N3
舞台|ぶたい|N3
航空|こうくう|N3
芝居|しばい|N3
花嫁|はなよめ|N3
花火|はなび|N3
芸能|げいのう|N3
苛々|いらいら|N3
若々|わかわか|N3
苦労|くろう|N3
苦情|くじょう|N3
苦手|にがて|N3
茹|ゆ|N3
草臥|くたび|N3
莫大|ばくだい|N3
萎|しぼ|N3
落第|らくだい|N3
著|あらわ|N3
著者|ちょしゃ|N3
葬式|そうしき|N3
蒔|ま|N3
蒸|む|N3
蓮|はす|N3
薬品|やくひん|N3
薬局|やっきょく|N3
薬缶|やかん|N3
蘇|よみがえ|N3
虎|とら|N3
虹|にじ|N3
血液|けつえき|N3
行事|ぎょうじ|N3
行儀|ぎょうぎ|N3
行員|こういん|N3
行方|ゆくえ|N3
街|がい|N3
街角|まちかど|N3
衛星|えいせい|N3
衝突|しょうとつ|N3
衣服|いふく|N3
表現|ひょうげん|N3
表面|ひょうめん|N3
被害|ひがい|N3
裁|さば|N3
裁判|さいばん|N3
裁縫|さいほう|N3
裂|さ|N3
装置|そうち|N3
補償|ほしょう|N3
裸|はだか|N3
製|せい|N3
製作|せいさく|N3
製品|せいひん|N3
製造|せいぞう|N3
複写|ふくしゃ|N3
要旨|ようし|N3
要求|ようきゅう|N3
要素|ようそ|N3
要領|ようりょう|N3
見下|みお|N3
見出|みだ|N3
見学|けんがく|N3
見慣|みな|N3
見本|みほん|N3
見直|みなお|N3
見舞|みま|N3
見解|けんかい|N3
見送|みおく|N3
覗|のぞ|N3
覚悟|かくご|N3
親類|しんるい|N3
観|かん|N3
観客|かんきゃく|N3
観察|かんさつ|N3
観測|かんそく|N3
角度|かくど|N3
解|と|N3
解放|かいほう|N3
解散|かいさん|N3
解決|かいけつ|N3
解説|かいせつ|N3
解釈|かいしゃく|N3
言付|ことづ|N3
計|けい|N3
計算|けいさん|N3
訓練|くんれん|N3
記事|きじ|N3
記者|きしゃ|N3
記録|きろく|N3
訪問|ほうもん|N3
設備|せつび|N3
設計|せっけい|N3
許|ゆる|N3
許可|きょか|N3
診|み|N3
診察|しんさつ|N3
診断|しんだん|N3
証明|しょうめい|N3
評価|ひょうか|N3
評判|ひょうばん|N3
評論|ひょうろん|N3
詩人|しじん|N3
詫|わ|N3
話題|わだい|N3
詳|くわ|N3
誕生|たんじょう|N3
誤|あやま|N3
誤解|ごかい|N3
説|せつ|N3
読書|どくしょ|N3
課|か|N3
課税|かぜい|N3
調子|ちょうし|N3
調整|ちょうせい|N3
諄|くど|N3
請求|せいきゅう|N3
論|ろん|N3
論争|ろんそう|N3
論文|ろんぶん|N3
謎々|なぞなぞ|N3
謙遜|けんそん|N3
講師|こうし|N3
講演|こうえん|N3
警備|けいび|N3
警告|けいこく|N3
議会|ぎかい|N3
議員|ぎいん|N3
議論|ぎろん|N3
議長|ぎちょう|N3
谷|たに|N3
豊|ゆた|N3
豊富|ほうふ|N3
豪華|ごうか|N3
財産|ざいさん|N3
貢献|こうけん|N3
貨物|かもつ|N3
販売|はんばい|N3
責任|せきにん|N3
貴重|きちょう|N3
貸間|かしま|N3
費用|ひよう|N3
資料|しりょう|N3
資本|しほん|N3
資格|しかく|N3
資源|しげん|N3
賞|しょう|N3
賞金|しょうきん|N3
賢明|けんめい|N3
質|しつ|N3
起訴|きそ|N3
超過|ちょうか|N3
越|こ|N3
足元|あしもと|N3
跡|あと|N3
跨|また|N3
躓|つまず|N3
身分|みぶん|N3
車庫|しゃこ|N3
車掌|しゃしょう|N3
軍|ぐん|N3
軍隊|ぐんたい|N3
転々|てんてん|N3
輝|かがや|N3
輪|わ|N3
輸入|ゆにゅう|N3
輸出|ゆしゅつ|N3
輸血|ゆけつ|N3
輸送|ゆそう|N3
農家|のうか|N3
農村|のうそん|N3
農業|のうぎょう|N3
農民|のうみん|N3
農産物|のうさんぶつ|N3
農薬|のうやく|N3
近代|きんだい|N3
近頃|ちかごろ|N3
迫|せま|N3
述|の|N3
述語|じゅつご|N3
追|お|N3
追加|ついか|N3
退|ど|N3
逆|さか|N3
透明|とうめい|N3
途端|とたん|N3
這|は|N3
通勤|つうきん|N3
通知|つうち|N3
通行|つうこう|N3
通訳|つうやく|N3
通貨|つうか|N3
通路|つうろ|N3
通過|つうか|N3
速度|そくど|N3
造船|ぞうせん|N3
連合|れんごう|N3
連続|れんぞく|N3
逮捕|たいほ|N3
週|しゅう|N3
進学|しんがく|N3
進歩|しんぽ|N3
進路|しんろ|N3
逸|そ|N3
遂|つい|N3
遊園地|ゆうえんち|N3
過剰|かじょう|N3
過半数|かはんすう|N3
過去|かこ|N3
過失|かしつ|N3
過程|かてい|N3
道路|どうろ|N3
道順|みちじゅん|N3
違反|いはん|N3
遡|さかのぼ|N3
遣|や|N3
適切|てきせつ|N3
遺体|いたい|N3
部|ぶ|N3
部分|ぶぶん|N3
部品|ぶひん|N3
郵送|ゆうそう|N3
都会|とかい|N3
都市|とし|N3
都心|としん|N3
酔|よ|N3
酸素|さんそ|N3
醜|みにく|N3
重大|じゅうだい|N3
重点|じゅうてん|N3
重要|じゅうよう|N3
重量|じゅうりょう|N3
野|の|N3
野党|やとう|N3
量|りょう|N3
金属|きんぞく|N3
金庫|きんこ|N3
金曜|きんよう|N3
金融|きんゆう|N3
金銭|きんせん|N3
金魚|きんぎょ|N3
釘|くぎ|N3
針|はり|N3
針金|はりがね|N3
鉄|てつ|N3
鉄道|てつどう|N3
銀|ぎん|N3
銅|どう|N3
銘々|めいめい|N3
鋏|はさみ|N3
錆|さ|N3
録音|ろくおん|N3
長女|ちょうじょ|N3
長所|ちょうしょ|N3
長期|ちょうき|N3
長男|ちょうなん|N3
長短|ちょうたん|N3
開会|かいかい|N3
開始|かいし|N3
開放|かいほう|N3
関|かか|N3
関心|かんしん|N3
関節|かんせつ|N3
関連|かんれん|N3
防止|ぼうし|N3
防犯|ぼうはん|N3
限|かぎ|N3
限度|げんど|N3
限界|げんかい|N3
陸|りく|N3
際|さい|N3
障|さわ|N3
障子|しょうじ|N3
障害|しょうがい|N3
隠|かく|N3
雄|おす|N3
集中|しゅうちゅう|N3
集会|しゅうかい|N3
集合|しゅうごう|N3
集団|しゅうだん|N3
集金|しゅうきん|N3
雑巾|ぞうきん|N3
雰囲気|ふんいき|N3
零点|れいてん|N3
電力|でんりょく|N3
電柱|でんちゅう|N3
電波|でんぱ|N3
需要|じゅよう|N3
震|ふる|N3
露|つゆ|N3
青少年|せいしょうねん|N3
青年|せいねん|N3
面倒|めんどう|N3
面積|めんせき|N3
革|かわ|N3
響|ひび|N3
頂上|ちょうじょう|N3
頂点|ちょうてん|N3
項目|こうもく|N3
順|じゅん|N3
順々|じゅんじゅん|N3
順調|じゅんちょう|N3
領事|りょうじ|N3
領収|りょうしゅう|N3
頭脳|ずのう|N3
頷|うなず|N3
頻|しき|N3
額|がく|N3
風呂敷|ふろしき|N3
風景|ふうけい|N3
飛行|ひこう|N3
食品|しょくひん|N3
食料|しょくりょう|N3
飽|あ|N3
養分|ようぶん|N3
首都|しゅと|N3
香|かお|N3
香水|こうすい|N3
馬|うま|N3
騒音|そうおん|N3
骨|ほね|N3
高地|こうち|N3
高度|こうど|N3
高等|こうとう|N3
高級|こうきゅう|N3
高速|こうそく|N3
鬼|おに|N3
黙|だま|N3
齧|かじ|N3
〜 顔|かお|N4
ああ||N4
あちら||N4
あら||N4
あんな||N4
あんなに||N4
いかが||N4
いつの間|ま|N4
いらっしゃる||N4
うんと||N4
えっと||N4
おしゃれ||N4
おじさん||N4
おにぎり||N4
おばさん||N4
おめでとうございます||N4
おやつ||N4
お世話|せわ|N4
お先|さき|N4
お出|い|N4
お出掛|でか|N4
お城|しろ|N4
お嬢|じょう|N4
お子|こ|N4
お宅|たく|N4
お守|まも|N4
お客|きゃく|N4
お尻|しり|N4
お引|ひ|N4
お振込|ふりこみ|N4
お気|き|N4
お湯|ゆ|N4
お疲|つか|N4
お祈|いの|N4
お祝|いわ|N4
お蔭|かげ|N4
お見舞|みま|N4
お返|かえ|N4
お釣|つ|N4
お陰|かげ|N4
お陰様|かげさま|N4
お預|あず|N4
お餅|もち|N4
お饅頭|まんじゅう|N4
かしこまりました||N4
がっかり||N4
きちんと||N4
きっと||N4
きつい||N4
ぐっすり||N4
このぐらい||N4
このように||N4
こんなに||N4
こんな風|ふう|N4
ごめん||N4
ご主人|しゅじん|N4
ご存|ぞん|N4
ご覧|らん|N4
しかし||N4
しっかり||N4
じゃが芋|いも|N4
すっかり||N4
すっと||N4
すっぽん||N4
すると||N4
ずっと||N4
そう||N4
そうか||N4
そうそう||N4
そうだ||N4
その他|ほか|N4
その後|あと|N4
その為|ため|N4
その頃|ころ|N4
それで||N4
それ程|ほど|N4
そろそろ||N4
そんな||N4
そんなことはない||N4
そんなに||N4
ただ||N4
ただの||N4
ちゃん||N4
ちょうど||N4
では||N4
という意味|いみ|N4
とか||N4
ところが||N4
とにかく||N4
と申|もう|N4
どうしたらいい||N4
どうしよう||N4
どうぞ宜|よろ|N4
どこでも||N4
どんどん||N4
どんなに||N4
なさる||N4
なるほど||N4
によると||N4
に比|くら|N4
のど||N4
のどが渇|かわ|N4
のようなもの||N4
の紹介|しょうかい|N4
はたを織|お|N4
はっきり||N4
ほとんど||N4
めまい||N4
もう少|すこ|N4
もし||N4
やった||N4
やっと||N4
やっぱり||N4
ようこそ||N4
よろしくお伝|つた|N4
ろうそく||N4
アイロン||N4
アイロンを掛|か|N4
アクセサリー||N4
アジア||N4
アジア研究|けんきゅう|N4
アドバイス||N4
アナウンサー||N4
アナウンス||N4
アニメ||N4
アフリカ||N4
アプリ||N4
アルコール||N4
アルバム||N4
イメージ||N4
インターネット||N4
エスカレーター||N4
エネルギー||N4
オートバイ||N4
カット||N4
カップ||N4
カラー||N4
カンニング||N4
カード||N4
ガス||N4
ガソリン||N4
ガソリンスタンド||N4
ガラス||N4
キス||N4
キャッシュカード||N4
キロ||N4
ギター||N4
クリスマス||N4
クレジットカード||N4
グラス||N4
グループ||N4
ケチ||N4
ケース||N4
コピーを取|と|N4
コンタクト||N4
コース||N4
コート||N4
ゴミ||N4
ゴルフ||N4
サイン||N4
サラリーマン||N4
サンダル||N4
サンドイッチ||N4
シャンプー||N4
ショッピングモール||N4
ショップ||N4
シングル||N4
ジャケット||N4
ジャム||N4
ジーンズ||N4
スカーフ||N4
スクランブル交差点|こうさてん|N4
スクリーン||N4
スクール||N4
ステレオ||N4
ストップ||N4
スニーカー||N4
スピーチ||N4
スペイン||N4
スポーツ選手|せんしゅ|N4
スリッパ||N4
スーツケース||N4
スープ||N4
セット||N4
センチ||N4
ソファ||N4
ソフト||N4
タイプ||N4
タオル||N4
ダブル||N4
ダンス||N4
チェック||N4
チェックアウト||N4
チェックイン||N4
チップ||N4
チョコレート||N4
ツイン||N4
テキスト||N4
テニス||N4
テープ||N4
デザート||N4
トレーナー||N4
トロッコ列車|れっしゃ|N4
ドイツ||N4
ナス||N4
ニコニコ||N4
ニヤニヤ||N4
ネクタイ||N4
ハイキング||N4
ハンドバッグ||N4
バイク||N4
バイバイ||N4
バター||N4
バッグ||N4
バナナ||N4
バレンタインデー||N4
パスポート||N4
パパ||N4
パンダ||N4
パート||N4
パートナー||N4
パーマ||N4
パーマを掛|か|N4
ヒーター||N4
ビジネス||N4
ピンク||N4
ファイル||N4
ファックス||N4
ファッション||N4
フィリピン||N4
フリー||N4
フロント||N4
ブラシ||N4
ブロー||N4
ブーツ||N4
プリン||N4
プレゼント||N4
プロジェクト||N4
プロポーズ||N4
ヘッドホン||N4
ベル||N4
ベンチ||N4
ペット||N4
ペラペラ||N4
ペンキ||N4
ホワイトデー||N4
ホームシック||N4
ホームステイ||N4
ボート||N4
ボール||N4
ボールペン||N4
ポスター||N4
ポスト||N4
ポップコーン||N4
マイク||N4
マフラー||N4
マンション||N4
メキシコ||N4
メッセージ||N4
メーター||N4
ヨーロッパ||N4
ルームメイト||N4
レントゲン||N4
ロボット||N4
ワンルームマンション||N4
ワープロ||N4
一年中|いちねんじゅう|N4
一度|いちど|N4
一方|いっぽう|N4
一日中|いちにちじゅう|N4
一日目|いちにちめ|N4
一泊|いっぱく|N4
一生|いっしょう|N4
一生懸命|いっしょうけんめい|N4
一階|いっかい|N4
下宿|げしゅく|N4
不便|ふべん|N4
不味|まず|N4
不安|ふあん|N4
不思議|ふしぎ|N4
世話|せわ|N4
両|りょう|N4
両方|りょうほう|N4
両替|りょうがえ|N4
並|なら|N4
中々|なかなか|N4
中学校|ちゅうがっこう|N4
中学生|ちゅうがくせい|N4
主|おも|N4
主人|しゅじん|N4
主夫|しゅふ|N4
乾|かわ|N4
亀|かめ|N4
予報|よほう|N4
予定|よてい|N4
予習|よしゅう|N4
事務所|じむしょ|N4
事故|じこ|N4
二日間|ふつかかん|N4
二階建|にかいだ|N4
些|ちっ|N4
亡|な|N4
交換|こうかん|N4
交通|こうつう|N4
人工|じんこう|N4
人形|にんぎょう|N4
人類|じんるい|N4
今夜|こんや|N4
今日中|きょうじゅう|N4
仏|ほとけ|N4
仕方|しかた|N4
他人|たにん|N4
以上|いじょう|N4
以下|いか|N4
以外|いがい|N4
仰|おっしゃ|N4
仲|なか|N4
任|まか|N4
休校|きゅうこう|N4
会場|かいじょう|N4
会議室|かいぎしつ|N4
伝|つた|N4
伺|うかが|N4
似|に|N4
似合|にあ|N4
体温計|たいおんけい|N4
何度|なんど|N4
作品|さくひん|N4
価値|かち|N4
便秘|べんぴ|N4
係|かかり|N4
保健|ほけん|N4
保険|ほけん|N4
信|しん|N4
俳優|はいゆう|N4
俳句|はいく|N4
個|こ|N4
倍|ばい|N4
倒|たお|N4
値段|ねだん|N4
健康|けんこう|N4
偶|たま|N4
億|おく|N4
優勝|ゆうしょう|N4
先発|せんぱつ|N4
光|ひかり|N4
免許|めんきょ|N4
入院|にゅういん|N4
全|すべ|N4
全力|ぜんりょく|N4
八分|はっぷん|N4
公務員|こうむいん|N4
具合|ぐあい|N4
冊|さつ|N4
冗談|じょうだん|N4
写|うつ|N4
冷房|れいぼう|N4
出張|しゅっちょう|N4
分野|ぶんや|N4
刈|か|N4
利用|りよう|N4
刺|さ|N4
剃|そ|N4
前後|ぜんご|N4
割|わ|N4
割合|わりあい|N4
劇|げき|N4
劇場|げきじょう|N4
助|たす|N4
勇気|ゆうき|N4
勝|か|N4
募集|ぼしゅう|N4
匂|にお|N4
包|つつ|N4
化粧|けしょう|N4
化粧品|けしょうひん|N4
匹|ひき|N4
医学|いがく|N4
医師|いし|N4
医療|いりょう|N4
十分|じゅうぶん|N4
卒業|そつぎょう|N4
卒業式|そつぎょうしき|N4
協力|きょうりょく|N4
占|うらな|N4
原因|げんいん|N4
原爆|げんばく|N4
厳|きび|N4
参|まい|N4
参加|さんか|N4
又|また|N4
友人|ゆうじん|N4
反対|はんたい|N4
収入|しゅうにゅう|N4
口座|こうざ|N4
召|め|N4
可笑|おか|N4
台|だい|N4
台風|たいふう|N4
同僚|どうりょう|N4
同情|どうじょう|N4
名|な|N4
名様|めいさま|N4
君|きみ|N4
呉|く|N4
周|まわ|N4
味|あじ|N4
味噌|みそ|N4
味方|みかた|N4
品物|しなもの|N4
問|と|N4
喋|しゃべ|N4
喜|よろこ|N4
喧嘩|けんか|N4
喫煙|きつえん|N4
噛|か|N4
回|まわ|N4
回答|かいとう|N4
国際|こくさい|N4
国際関係|こくさいかんけい|N4
土産|みやげ|N4
地下|ちか|N4
地下鉄|ちかてつ|N4
地理|ちり|N4
地震|じしん|N4
坂|さか|N4
場合|ばあい|N4
場所|ばしょ|N4
場面|ばめん|N4
塗|ぬ|N4
増|ふ|N4
壁|かべ|N4
壊|こわ|N4
変|へん|N4
夕|ゆう|N4
夕食|ゆうしょく|N4
外国語|がいこくご|N4
大体|だいたい|N4
大分|だいぶ|N4
大学院|だいがくいん|N4
大家|おおや|N4
大浴場|だいよくじょう|N4
大統領|だいとうりょう|N4
天井|てんじょう|N4
太陽|たいよう|N4
夫|おっと|N4
失敗|しっぱい|N4
失礼|しつれい|N4
奢|おご|N4
奥様|おくさま|N4
奨学金|しょうがくきん|N4
女子学生|じょしがくせい|N4
女性|じょせい|N4
妻|つま|N4
字|じ|N4
宇宙人|うちゅうじん|N4
宇宙飛行士|うちゅうひこうし|N4
守|まも|N4
安全|あんぜん|N4
安心|あんしん|N4
完成|かんせい|N4
宜|よろ|N4
宝|たから|N4
実|じつ|N4
家内|かない|N4
家庭|かてい|N4
家庭教師|かていきょうし|N4
寄|よ|N4
寝坊|ねぼう|N4
寮|りょう|N4
専攻|せんこう|N4
将来|しょうらい|N4
将棋|しょうぎ|N4
尋|たず|N4
小学校|しょうがっこう|N4
小説|しょうせつ|N4
小鳥|ことり|N4
少々|しょうしょう|N4
就職|しゅうしょく|N4
尻|しり|N4
届|とど|N4
屋|や|N4
屋上|おくじょう|N4
展覧会|てんらんかい|N4
履歴書|りれきしょ|N4
工場|こうじょう|N4
工業|こうぎょう|N4
市|し|N4
市民|しみん|N4
布団|ふとん|N4
席|せき|N4
平和|へいわ|N4
平和記念資料館|へいわきねんしりょうかん|N4
年上|としうえ|N4
年間|ねんかん|N4
広告|こうこく|N4
床屋|とこや|N4
底|そこ|N4
座談会|ざだんかい|N4
庭|にわ|N4
廊下|ろうか|N4
延期|えんき|N4
建|た|N4
弁護士|べんごし|N4
引退|いんたい|N4
当|あ|N4
形|かたち|N4
影響|えいきょう|N4
役|やく|N4
後輩|こうはい|N4
得意|とくい|N4
御座|ござ|N4
復習|ふくしゅう|N4
徹夜|てつや|N4
心|こころ|N4
必|かなら|N4
怠|なま|N4
怪我|けが|N4
恥|は|N4
息子|むすこ|N4
悩|なや|N4
悪口|わるぐち|N4
情報|じょうほう|N4
意外|いがい|N4
愛|あい|N4
感動|かんどう|N4
感情|かんじょう|N4
慣|な|N4
懐|なつ|N4
成|な|N4
成人|せいじん|N4
成功|せいこう|N4
我慢|がまん|N4
或|あ|N4
戦争|せんそう|N4
戻|もど|N4
扇子|せんす|N4
手数料|てすうりょう|N4
打|う|N4
技術|ぎじゅつ|N4
投|な|N4
折|お|N4
抱|だ|N4
招待|しょうたい|N4
括弧|かっこ|N4
拾|ひろ|N4
指輪|ゆびわ|N4
挨拶|あいさつ|N4
振|ふ|N4
振込|ふりこみ|N4
捕|つか|N4
授業中|じゅぎょうちゅう|N4
授業料|じゅぎょうりょう|N4
推薦状|すいせんじょう|N4
揃|そろ|N4
描|えが|N4
握手|あくしゅ|N4
揺|ゆ|N4
携帯|けいたい|N4
携帯電話|けいたいでんわ|N4
支店|してん|N4
放|ほう|N4
政府|せいふ|N4
教会|きょうかい|N4
教育|きょういく|N4
敬語|けいご|N4
数|かず|N4
数学|すうがく|N4
整形外科|せいけいげか|N4
文句|もんく|N4
文字|もじ|N4
文学|ぶんがく|N4
料|りょう|N4
料金|りょうきん|N4
新聞社|しんぶんしゃ|N4
旅|たび|N4
旅行会社|りょこうがいしゃ|N4
旅館|りょかん|N4
日|ひ|N4
昔|むかし|N4
昔々|むかしむかし|N4
星|ほし|N4
是非|ぜひ|N4
昼休|ひるやす|N4
昼寝|ひるね|N4
昼間|ひるま|N4
昼食|ちゅうしょく|N4
時代|じだい|N4
時間通|じかんどお|N4
暖房|だんぼう|N4
暗証番号|あんしょうばんごう|N4
暫|しばら|N4
暮|く|N4
曜日|ようび|N4
書類|しょるい|N4
最悪|さいあく|N4
有料|ゆうりょう|N4
朝寝坊|あさねぼう|N4
朝食付|ちょうしょくつ|N4
期末試験|きまつしけん|N4
期間|きかん|N4
期限|きげん|N4
木綿|もめん|N4
未来|みらい|N4
未満|みまん|N4
林檎|りんご|N4
枝|えだ|N4
染|そ|N4
柔|やわ|N4
柔道|じゅうどう|N4
校長|こうちょう|N4
桃|もも|N4
桜|さくら|N4
梯子|はしご|N4
梳|す|N4
棚|たな|N4
植|う|N4
楽器|がっき|N4
構|かま|N4
様子|ようす|N4
正|ただ|N4
歯医者|はいしゃ|N4
残業|ざんぎょう|N4
残高照会|ざんだかしょうかい|N4
殴|なぐ|N4
毎月|まいつき|N4
比|くら|N4
毛|け|N4
気|き|N4
水泳|すいえい|N4
水着|みずぎ|N4
水道|すいどう|N4
江戸|えど|N4
江戸時代|えどじだい|N4
池|いけ|N4
汽車|きしゃ|N4
沸|わ|N4
治|なお|N4
法律|ほうりつ|N4
波|なみ|N4
泥棒|どろぼう|N4
注文|ちゅうもん|N4
注目|ちゅうもく|N4
洋服|ようふく|N4
活動|かつどう|N4
浅|あさ|N4
海外旅行|かいがいりょこう|N4
海岸|かいがん|N4
深|ふか|N4
混|こ|N4
淹|い|N4
済|す|N4
港|みなと|N4
湯|ゆ|N4
準備|じゅんび|N4
滅多|めった|N4
滑|すべ|N4
漬|つ|N4
濡|ぬ|N4
火事|かじ|N4
為|ため|N4
無理|むり|N4
無駄遣|むだづか|N4
焼|や|N4
熱心|ねっしん|N4
父親|ちちおや|N4
片付|かたづ|N4
物価|ぶっか|N4
物凄|ものすご|N4
特|とく|N4
特別|とくべつ|N4
犯人|はんにん|N4
猿|さる|N4
王子|おうじ|N4
珍|めずら|N4
現場|げんば|N4
現金|げんきん|N4
理想|りそう|N4
環境|かんきょう|N4
生活費|せいかつひ|N4
生理|せいり|N4
産業|さんぎょう|N4
用|よう|N4
用意|ようい|N4
田|た|N4
申|もう|N4
男子学生|だんしがくせい|N4
男性|だんせい|N4
畑|はたけ|N4
留守|るす|N4
留守番|るすばん|N4
番組|ばんぐみ|N4
畳|たたみ|N4
痩|や|N4
痴漢|ちかん|N4
発表|はっぴょう|N4
発車|はっしゃ|N4
登場|とうじょう|N4
登山|とざん|N4
白黒|しろくろ|N4
皆様|みなさま|N4
皮膚科|ひふか|N4
皿|さら|N4
盆踊|ぼんおど|N4
盗|ぬす|N4
盛|さか|N4
目標|もくひょう|N4
目的|もくてき|N4
目茶苦茶|めちゃくちゃ|N4
相変|あいか|N4
相手|あいて|N4
相談|そうだん|N4
眉毛|まゆげ|N4
看護婦|かんごふ|N4
県|けん|N4
着替|きが|N4
短冊|たんざく|N4
石|いし|N4
砂|すな|N4
研究|けんきゅう|N4
研究室|けんきゅうしつ|N4
確|たし|N4
確認|かくにん|N4
磨|みが|N4
礼|れい|N4
社会|しゃかい|N4
祈|いの|N4
祖母|そぼ|N4
祖父|そふ|N4
祝|いわ|N4
秘密|ひみつ|N4
移動|いどう|N4
税金|ぜいきん|N4
種類|しゅるい|N4
積|つ|N4
空手|からて|N4
空気|くうき|N4
空港|くうこう|N4
突然|とつぜん|N4
立場|たちば|N4
競争|きょうそう|N4
竹|たけ|N4
管理|かんり|N4
米|こめ|N4
紅葉|こうよう|N4
素晴|すば|N4
紺色|こんいろ|N4
経験|けいけん|N4
結婚式|けっこんしき|N4
結果|けっか|N4
給料|きゅうりょう|N4
絵文字|えもじ|N4
絶対|ぜったい|N4
絹|きぬ|N4
線|せん|N4
編|あ|N4
縦|たて|N4
縫|ぬ|N4
美|うつく|N4
美容院|びよういん|N4
羨|うらや|N4
習慣|しゅうかん|N4
翻訳|ほんやく|N4
耳鼻科|じびか|N4
育|そだ|N4
胡瓜|きゅうり|N4
能力|のうりょく|N4
腕|うで|N4
自動|じどう|N4
自由|じゆう|N4
致|いた|N4
花粉症|かふんしょう|N4
芸術|げいじゅつ|N4
苛|いじ|N4
若者|わかもの|N4
苦|にが|N4
英会話|えいかいわ|N4
茶店|ちゃみせ|N4
落語|らくご|N4
落語家|らくごか|N4
葉|は|N4
蕎麦|そば|N4
薄|うす|N4
虫|むし|N4
虫歯|むしば|N4
虫眼鏡|むしめがね|N4
蚊|か|N4
血|ち|N4
行動|こうどう|N4
表|あらわ|N4
表情|ひょうじょう|N4
裏|うら|N4
複数|ふくすう|N4
複雑|ふくざつ|N4
褒|ほ|N4
西洋|せいよう|N4
見物|けんぶつ|N4
規則|きそく|N4
親|おや|N4
親友|しんゆう|N4
親戚|しんせき|N4
観光|かんこう|N4
触|さわ|N4
言語|げんご|N4
計画|けいかく|N4
記号|きごう|N4
記念|きねん|N4
記憶|きおく|N4
訪|たず|N4
訳|やく|N4
詩|し|N4
誘|さそ|N4
誠|まこと|N4
課長|かちょう|N4
調|しら|N4
調査|ちょうさ|N4
諦|あきら|N4
諺|ことわざ|N4
講堂|こうどう|N4
講義|こうぎ|N4
謝|あやま|N4
象|ぞう|N4
負|ま|N4
貧乏|びんぼう|N4
貯|た|N4
貯金|ちょきん|N4
貿易|ぼうえき|N4
賛成|さんせい|N4
贈|おく|N4
踏|ふ|N4
蹴|け|N4
身振|みぶ|N4
転|ころ|N4
辞|や|N4
辞典|じてん|N4
迎|むか|N4
返品|へんぴん|N4
迷信|めいしん|N4
逃|に|N4
途中|とちゅう|N4
通|かよ|N4
通信|つうしん|N4
通帳|つうちょう|N4
通帳記入|つうちょうきにゅう|N4
通用|つうよう|N4
連|つ|N4
連絡|れんらく|N4
進|すす|N4
運|はこ|N4
運転手|うんてんしゅ|N4
過|す|N4
道具|どうぐ|N4
達|たち|N4
遠慮|えんりょ|N4
適当|てきとう|N4
適用|てきよう|N4
選|えら|N4
邪魔|じゃま|N4
郊外|こうがい|N4
部下|ぶか|N4
部長|ぶちょう|N4
郵便局|ゆうびんきょく|N4
都|と|N4
都合|つごう|N4
酷|ひど|N4
重|おも|N4
金額|きんがく|N4
銃|じゅう|N4
鍋|なべ|N4
鏡|かがみ|N4
間違|まちが|N4
関東|かんとう|N4
関西|かんさい|N4
陰|かげ|N4
隅|すみ|N4
階|かい|N4
随分|ずいぶん|N4
離|はな|N4
離婚|りこん|N4
電報|でんぽう|N4
電子|でんし|N4
電気工学|でんきこうがく|N4
電池|でんち|N4
電灯|でんとう|N4
非常|ひじょう|N4
面接|めんせつ|N4
韓国|かんこく|N4
音|おと|N4
頂|いただ|N4
預|あず|N4
預金|よきん|N4
顔文字|かおもじ|N4
食事|しょくじ|N4
食後|しょくご|N4
食料品|しょくりょうひん|N4
食費|しょくひ|N4
飾|かざ|N4
餌|えさ|N4
餡|あん|N4
饅頭|まんじゅう|N4
首相|しゅしょう|N4
馬鹿|ばか|N4
駄目|だめ|N4
駅員|えきいん|N4
駐車場|ちゅうしゃじょう|N4
騒|さわ|N4
騙|だま|N4
驚|おどろ|N4
高等学校|こうとうがっこう|N4
髪形|かみがた|N4
髭|ひげ|N4
鯨|くじら|N4
鳴|な|N4
鹿|しか|N4
１９６０|せんきゅうひゃくろくじゅう|N4
ＳＮＳ|エスエヌエス|N4
あそこ||N5
あなた||N5
あの||N5
あのー||N5
ありがとう||N5
ありがとうございます||N5
あれ||N5
いい||N5
いいえ||N5
いい事|こと|N5
いい子|こ|N5
いただきます||N5
いつ||N5
いつも||N5
いらっしゃいませ||N5
ううん||N5
うん||N5
ええ||N5
おはよう||N5
おはようございます||N5
お休|やす|N5
お元気|げんき|N5
お兄|にい|N5
お土産|みやげ|N5
お地蔵|じぞう|N5
お大事|だいじ|N5
お姉|ねえ|N5
お寺|てら|N5
お巡|まわ|N5
お帰|かえ|N5
お弁当|べんとう|N5
お手洗|てあら|N5
お正月|しょうがつ|N5
お母|かあ|N5
お父|とう|N5
お皿|さら|N5
お礼|れい|N5
お祖母|ばあ|N5
お祖父|じい|N5
お祭|まつ|N5
お腹|なか|N5
お茶|ちゃ|N5
お菓子|かし|N5
お返事|へんじ|N5
お酒|さけ|N5
お金|かね|N5
お金持|かねも|N5
お願|ねが|N5
お風呂|ふろ|N5
くしゃみ||N5
くらい||N5
ここ||N5
こちら||N5
この||N5
この間|あいだ|N5
この頃|ごろ|N5
これ||N5
これから||N5
こんな||N5
こんにちは||N5
ごめんなさい||N5
ご飯|はん|N5
ご馳走|ちそう|N5
ご馳走様|ちそうさま|N5
さあ||N5
さようなら||N5
さん||N5
じゃあ||N5
すみません||N5
する||N5
そうです||N5
そうですか||N5
そうですね||N5
そこ||N5
そして||N5
そちら||N5
その||N5
それ||N5
それから||N5
それでは||N5
それに||N5
ただいま||N5
だから||N5
だけ||N5
ちょっと||N5
でも||N5
ところで||N5
とても||N5
どう||N5
どうして||N5
どうぞ||N5
どうですか||N5
どうも||N5
どうやって||N5
どこ||N5
どちら||N5
どなた||N5
どの||N5
どのくらい||N5
どれ||N5
どんな||N5
なぜ||N5
なる||N5
について||N5
はい||N5
ばつ||N5
びっくり||N5
ぶどう||N5
まあまあ||N5
まだ||N5
まで||N5
までに||N5
もう||N5
もう一度|いちど|N5
もう直|す|N5
もしもし||N5
もちろん||N5
もっと||N5
やる||N5
ゆっくり||N5
よろしくお願|ねが|N5
アイスクリーム||N5
アウトドア||N5
アパート||N5
アボカド||N5
アメリカ||N5
アルバイト||N5
アレルギー||N5
アンケート||N5
イギリス||N5
イタリア||N5
インド||N5
インフルエンザ||N5
エアコン||N5
エジプト||N5
エレベーター||N5
オレンジ||N5
オーストラリア||N5
カナダ||N5
カフェ||N5
カメラ||N5
カラオケ||N5
カレンダー||N5
カレー||N5
カーテン||N5
キャベツ||N5
キャンプ||N5
クラス||N5
グラム||N5
グリーン||N5
グレー||N5
ケーキ||N5
ゲーム||N5
コップ||N5
コピー||N5
コレクション||N5
コンサート||N5
コンセント||N5
コンビニ||N5
コンピューター||N5
コーチ||N5
コーヒー||N5
ゴロゴロ||N5
ゴールド||N5
サッカー||N5
サボる||N5
サラダ||N5
サークル||N5
サーフィン||N5
シェフ||N5
シャツ||N5
シャワー||N5
シャワーを浴|あ|N5
シリーズ||N5
シルバー||N5
ジャンル||N5
ジャーナリスト||N5
ジュース||N5
スイカ||N5
スイッチ||N5
スカート||N5
スキー||N5
ステーキ||N5
ストレス||N5
ストーブ||N5
スプーン||N5
スポーツ||N5
スマホ||N5
スーツ||N5
スーパー||N5
ズボン||N5
セーター||N5
タクシー||N5
タバコ||N5
タバコを吸|す|N5
ダイエット||N5
チケット||N5
ツアー||N5
テスト||N5
テレビ||N5
テーブル||N5
テープレコーダー||N5
デパート||N5
デート||N5
トイレ||N5
トマト||N5
ドア||N5
ドライブ||N5
ナイフ||N5
ニュース||N5
ノート||N5
ハラルフード||N5
ハンカチ||N5
ハンバーガー||N5
バス||N5
バス停|てい|N5
バンド||N5
バーベキュー||N5
パソコン||N5
パン||N5
パーティー||N5
ビル||N5
ビール||N5
ピアノ||N5
ピザ||N5
ピーナッツ||N5
フィルム||N5
フォーク||N5
プール||N5
ベッド||N5
ペン||N5
ページ||N5
ホストファミリー||N5
ホテル||N5
ホラー||N5
ホーム||N5
ボランティア||N5
ポケット||N5
ママ||N5
メニュー||N5
メートル||N5
メール||N5
ラジオ||N5
リットル||N5
レコード||N5
レジ||N5
レストラン||N5
レポート||N5
ワイン||N5
ヶ月|かげつ|N5
一|ひと|N5
一人|ひとり|N5
一号車|いちごうしゃ|N5
一年|いちねん|N5
一年生|いちねんせい|N5
一昨年|おととし|N5
一昨日|おととい|N5
一月|いちがつ|N5
一番|いちばん|N5
一緒|いっしょ|N5
丁寧|ていねい|N5
万年筆|まんねんひつ|N5
丈夫|じょうぶ|N5
三|みっ|N5
上|うえ|N5
上手|じょうず|N5
上着|うわぎ|N5
下|した|N5
下手|へた|N5
下痢|げり|N5
下着|したぎ|N5
世界|せかい|N5
両親|りょうしん|N5
中|なか|N5
中国|ちゅうごく|N5
丸|まる|N5
主婦|しゅふ|N5
久|ひさ|N5
乗|の|N5
乗車券|じょうしゃけん|N5
乾杯|かんぱい|N5
予約|よやく|N5
事|こと|N5
二|ふた|N5
二三日|にさんにち|N5
二人|ふたり|N5
二十歳|はたち|N5
二日酔|ふつかよ|N5
二時半|にじはん|N5
二週間前|にしゅうかんまえ|N5
交差点|こうさてん|N5
交番|こうばん|N5
交通系|こうつうけい|N5
人|じん|N5
人々|ひとびと|N5
人参|にんじん|N5
人口|じんこう|N5
人気|にんき|N5
今|いま|N5
今学期|こんがっき|N5
今年|ことし|N5
今度|こんど|N5
今日|きょう|N5
今晩|こんばん|N5
今月|こんげつ|N5
今朝|けさ|N5
今週|こんしゅう|N5
仕事|しごと|N5
他|ほか|N5
付|つ|N5
代|だい|N5
以内|いない|N5
休|やす|N5
会|あ|N5
会社|かいしゃ|N5
会社員|かいしゃいん|N5
会話|かいわ|N5
会議|かいぎ|N5
低|ひく|N5
住|す|N5
住所|じゅうしょ|N5
体|からだ|N5
体調|たいちょう|N5
何|なに|N5
余|あま|N5
作|つく|N5
作家|さっか|N5
作文|さくぶん|N5
使|つか|N5
例|たと|N5
便利|べんり|N5
保険証|ほけんしょう|N5
信号|しんごう|N5
借|か|N5
傘|かさ|N5
働|はたら|N5
僕|ぼく|N5
優|やさ|N5
元気|げんき|N5
兄|あに|N5
兄弟|きょうだい|N5
先|さき|N5
先月|せんげつ|N5
先生|せんせい|N5
先輩|せんぱい|N5
先週|せんしゅう|N5
入|はい|N5
入口|いりぐち|N5
全然|ぜんぜん|N5
全部|ぜんぶ|N5
八百屋|やおや|N5
公園|こうえん|N5
公開|こうかい|N5
共通語|きょうつうご|N5
内科|ないか|N5
円|えん|N5
再来年|さらいねん|N5
再来月|さらいげつ|N5
再来週|さらいしゅう|N5
写真|しゃしん|N5
冬|ふゆ|N5
冷|つめ|N5
冷蔵庫|れいぞうこ|N5
凄|すご|N5
出|で|N5
出口|でぐち|N5
出来|でき|N5
出身|しゅっしん|N5
分|わ|N5
切|き|N5
切手|きって|N5
切符|きっぷ|N5
初|はじ|N5
別|べつ|N5
前|まえ|N5
力|ちから|N5
勉強|べんきょう|N5
動|うご|N5
動物|どうぶつ|N5
動物園|どうぶつえん|N5
勤|つと|N5
北|きた|N5
医者|いしゃ|N5
午前|ごぜん|N5
午前中|ごぜんちゅう|N5
午後|ごご|N5
半|はん|N5
半分|はんぶん|N5
南|みなみ|N5
単語|たんご|N5
危|あぶ|N5
危険|きけん|N5
卵|たまご|N5
厚|あつ|N5
去年|きょねん|N5
友達|ともだち|N5
取|と|N5
受|う|N5
受付|うけつけ|N5
口|くち|N5
古|ふる|N5
可哀想|かわいそう|N5
可愛|かわい|N5
台所|だいどころ|N5
右|みぎ|N5
右側|みぎがわ|N5
叶|かな|N5
合|あ|N5
同|おな|N5
名前|なまえ|N5
吐|は|N5
向|む|N5
吸|す|N5
吹|ふ|N5
呼|よ|N5
咲|さ|N5
咳|せき|N5
問題|もんだい|N5
喫茶店|きっさてん|N5
嘘|うそ|N5
困|こま|N5
図書館|としょかん|N5
国|くに|N5
土曜日|どようび|N5
地図|ちず|N5
地蔵|じぞう|N5
城|しろ|N5
塩|しお|N5
塾|じゅく|N5
声|こえ|N5
売|う|N5
売店|ばいてん|N5
夏|なつ|N5
夏休|なつやす|N5
夕方|ゆうがた|N5
夕飯|ゆうはん|N5
外|そと|N5
外国|がいこく|N5
外国人|がいこくじん|N5
外科|げか|N5
多|おお|N5
多分|たぶん|N5
夜|よる|N5
夢|ゆめ|N5
大|おお|N5
大丈夫|だいじょうぶ|N5
大事|だいじ|N5
大人|おとな|N5
大使館|たいしかん|N5
大切|たいせつ|N5
大勢|おおぜい|N5
大変|たいへん|N5
大好|だいす|N5
大嫌|だいきら|N5
大学|だいがく|N5
大学生|だいがくせい|N5
大学院生|だいがくいんせい|N5
大抵|たいてい|N5
天|てん|N5
天気|てんき|N5
天気予報|てんきよほう|N5
太|ふと|N5
奥|おく|N5
女|おんな|N5
好|す|N5
妹|いもうと|N5
姉|あね|N5
始|はじ|N5
娘|むすめ|N5
嫌|きら|N5
嬉|うれ|N5
子|こ|N5
子供|こども|N5
字引|じびき|N5
季節|きせつ|N5
学割|がくわり|N5
学校|がっこう|N5
学生|がくせい|N5
安|やす|N5
定期券|ていきけん|N5
客|きゃく|N5
家|いえ|N5
家事|かじ|N5
家具|かぐ|N5
家族|かぞく|N5
家賃|やちん|N5
宿題|しゅくだい|N5
寂|さび|N5
寒|さむ|N5
寝|ね|N5
寺|てら|N5
寿司|すし|N5
封筒|ふうとう|N5
小|ちい|N5
小学生|しょうがくせい|N5
少|すこ|N5
居|い|N5
履|は|N5
山|やま|N5
山道|やまみち|N5
島|しま|N5
川|かわ|N5
左|ひだり|N5
左側|ひだりがわ|N5
差|さ|N5
帰|かえ|N5
帽子|ぼうし|N5
平日|へいじつ|N5
年|とし|N5
年生|ねんせい|N5
幸|しあわ|N5
幾|いく|N5
広|ひろ|N5
店|みせ|N5
店員|てんいん|N5
度|ど|N5
座|すわ|N5
建物|たてもの|N5
弁当|べんとう|N5
引|ひ|N5
弟|おとうと|N5
弱|よわ|N5
張|は|N5
強|つよ|N5
弾|ひ|N5
彼|かれ|N5
彼女|かのじょ|N5
彼氏|かれし|N5
往復|おうふく|N5
待|ま|N5
後|あと|N5
心配|しんぱい|N5
必要|ひつよう|N5
忘|わす|N5
忙|いそが|N5
怒|おこ|N5
怖|こわ|N5
思|おも|N5
急|いそ|N5
急行|きゅうこう|N5
性格|せいかく|N5
悪|わる|N5
悲|かな|N5
意味|いみ|N5
意地悪|いじわる|N5
意見|いけん|N5
感|かん|N5
感謝|かんしゃ|N5
成績|せいせき|N5
戸|と|N5
所|ところ|N5
手|て|N5
手伝|てつだ|N5
手紙|てがみ|N5
手術|しゅじゅつ|N5
手袋|てぶくろ|N5
払|はら|N5
抗生物質|こうせいぶっしつ|N5
押|お|N5
持|も|N5
指|ゆび|N5
指定席|していせき|N5
捨|す|N5
掃除|そうじ|N5
授業|じゅぎょう|N5
掛|か|N5
探|さが|N5
撮|と|N5
改札|かいさつ|N5
政治|せいじ|N5
教|おし|N5
教室|きょうしつ|N5
教師|きょうし|N5
教科書|きょうかしょ|N5
散歩|さんぽ|N5
文化|ぶんか|N5
文法|ぶんぽう|N5
文章|ぶんしょう|N5
料理|りょうり|N5
新|あたら|N5
新幹線|しんかんせん|N5
新聞|しんぶん|N5
方|かた|N5
方言|ほうげん|N5
方面|ほうめん|N5
旅行|りょこう|N5
日曜日|にちようび|N5
日本|にほん|N5
日本人|にほんじん|N5
日本語|にほんご|N5
日記|にっき|N5
早|はや|N5
明|あか|N5
明後日|あさって|N5
明日|あした|N5
易|やさ|N5
映画|えいが|N5
映画館|えいがかん|N5
春|はる|N5
昨日|きのう|N5
昼|ひる|N5
時|とき|N5
時々|ときどき|N5
時計|とけい|N5
時間|じかん|N5
晩|ばん|N5
普通|ふつう|N5
景色|けしき|N5
晴|は|N5
暇|ひま|N5
暑|あつ|N5
暖|あたた|N5
暗|くら|N5
曇|くも|N5
曲|ま|N5
書|か|N5
最初|さいしょ|N5
最後|さいご|N5
最近|さいきん|N5
月|つき|N5
月曜日|げつようび|N5
有|あ|N5
有名|ゆうめい|N5
有名人|ゆうめいじん|N5
服|ふく|N5
朝|あさ|N5
木|き|N5
木曜日|もくようび|N5
本|ほん|N5
本屋|ほんや|N5
本当|ほんとう|N5
本棚|ほんだな|N5
机|つくえ|N5
村|むら|N5
来|く|N5
来学期|らいがっき|N5
来年|らいねん|N5
来月|らいげつ|N5
来週|らいしゅう|N5
東|ひがし|N5
林|はやし|N5
枚|まい|N5
果物|くだもの|N5
格好|かっこう|N5
案内|あんない|N5
森|もり|N5
椅子|いす|N5
楽|たの|N5
様|さま|N5
横|よこ|N5
橋|はし|N5
機会|きかい|N5
次|つぎ|N5
次発|じはつ|N5
欲|ほ|N5
歌|うた|N5
歌手|かしゅ|N5
歌舞伎|かぶき|N5
止|や|N5
正月|しょうがつ|N5
歩|ある|N5
歯|は|N5
歯科|しか|N5
歳|さい|N5
歴史|れきし|N5
死|し|N5
残|のこ|N5
残念|ざんねん|N5
母|はは|N5
毎日|まいにち|N5
毎晩|まいばん|N5
毎朝|まいあさ|N5
毎週|まいしゅう|N5
気分|きぶん|N5
気持|きも|N5
気温|きおん|N5
水|みず|N5
水曜日|すいようび|N5
水色|みずいろ|N5
汚|きたな|N5
決|き|N5
沢山|たくさん|N5
泊|と|N5
泣|な|N5
注射|ちゅうしゃ|N5
注意|ちゅうい|N5
泳|およ|N5
洗|あら|N5
洗濯|せんたく|N5
浴|あ|N5
海|うみ|N5
海外|かいがい|N5
消|け|N5
消防士|しょうぼうし|N5
涼|すず|N5
渡|わた|N5
温|ぬる|N5
温泉|おんせん|N5
湖|みずうみ|N5
漢字|かんじ|N5
漫画|まんが|N5
漫画家|まんがか|N5
火|ひ|N5
火傷|やけど|N5
火曜日|かようび|N5
灰皿|はいざら|N5
灰色|はいいろ|N5
点|つ|N5
点滴|てんてき|N5
無|な|N5
然|そ|N5
煩|うるさ|N5
熱|あつ|N5
父|ちち|N5
片道|かたみち|N5
牛|うし|N5
牛乳|ぎゅうにゅう|N5
牛肉|ぎゅうにく|N5
物|もの|N5
特急|とっきゅう|N5
犬|いぬ|N5
狭|せま|N5
猫|ねこ|N5
玄関|げんかん|N5
玉|たま|N5
王|おう|N5
玩具|おもちゃ|N5
理由|りゆう|N5
甘|あま|N5
生|う|N5
生徒|せいと|N5
生活|せいかつ|N5
生物学|せいぶつがく|N5
産婦人科|さんふじんか|N5
用事|ようじ|N5
田舎|いなか|N5
男|おとこ|N5
町|まち|N5
留学|りゅうがく|N5
留学生|りゅうがくせい|N5
番|ばん|N5
番号|ばんごう|N5
番線|ばんせん|N5
疲|つか|N5
病気|びょうき|N5
病院|びょういん|N5
痛|いた|N5
発疹|ほっしん|N5
発音|はつおん|N5
白|しろ|N5
皆|みな|N5
目|め|N5
直|す|N5
看護師|かんごし|N5
真|ま|N5
真面目|まじめ|N5
眠|ねむ|N5
眼科|がんか|N5
眼鏡|めがね|N5
着|き|N5
着物|きもの|N5
知|し|N5
短|みじか|N5
砂糖|さとう|N5
研究者|けんきゅうしゃ|N5
砕|くだ|N5
硬|かた|N5
社長|しゃちょう|N5
神様|かみさま|N5
神社|じんじゃ|N5
祭|まつ|N5
禁止|きんし|N5
私|わたし|N5
秋|あき|N5
科学|かがく|N5
移|うつ|N5
空|そら|N5
窓|まど|N5
立|た|N5
笑|わら|N5
笠|かさ|N5
等|など|N5
答|こた|N5
箱|はこ|N5
箸|はし|N5
簡単|かんたん|N5
糸|いと|N5
約束|やくそく|N5
紅茶|こうちゃ|N5
紙|かみ|N5
素敵|すてき|N5
紫|むらさき|N5
細|ほそ|N5
紹介|しょうかい|N5
終|お|N5
終電|しゅうでん|N5
経済|けいざい|N5
結婚|けっこん|N5
結構|けっこう|N5
絵|え|N5
続|つづ|N5
綺麗|きれい|N5
緊張|きんちょう|N5
緑|みどり|N5
締|し|N5
練習|れんしゅう|N5
置|お|N5
美味|おい|N5
美術館|びじゅつかん|N5
習|なら|N5
考|かんが|N5
耳|みみ|N5
聞|き|N5
肉|にく|N5
肩|かた|N5
背|せ|N5
背中|せなか|N5
背広|せびろ|N5
胸|むね|N5
脱|ぬ|N5
自信|じしん|N5
自分|じぶん|N5
自動車|じどうしゃ|N5
自然|しぜん|N5
自由席|じゆうせき|N5
自転車|じてんしゃ|N5
興味|きょうみ|N5
船|ふね|N5
良|よ|N5
色|いろ|N5
色々|いろいろ|N5
花|はな|N5
花瓶|かびん|N5
花見|はなみ|N5
若|わか|N5
英語|えいご|N5
苺|いちご|N5
茶|ちゃ|N5
茶碗|ちゃわん|N5
茶色|ちゃいろ|N5
草|くさ|N5
荷物|にもつ|N5
菓子|かし|N5
落|お|N5
葉書|はがき|N5
薬|くすり|N5
蜜柑|みかん|N5
行|い|N5
行目|ぎょうめ|N5
袋|ふくろ|N5
被|かぶ|N5
西|にし|N5
要|い|N5
見|み|N5
覚|おぼ|N5
親切|しんせつ|N5
角|かど|N5
言|い|N5
言葉|ことば|N5
試合|しあい|N5
試験|しけん|N5
詰|つま|N5
話|はなし|N5
誕生日|たんじょうび|N5
語|ご|N5
説明|せつめい|N5
読|よ|N5
誰|だれ|N5
警官|けいかん|N5
警察|けいさつ|N5
警察官|けいさつかん|N5
豚|とん|N5
豚肉|ぶたにく|N5
財布|さいふ|N5
貰|もら|N5
買|か|N5
貸|か|N5
賑|にぎ|N5
質問|しつもん|N5
赤|あか|N5
走|はし|N5
起|お|N5
趣味|しゅみ|N5
足|あし|N5
踊|おど|N5
身長|しんちょう|N5
車|くるま|N5
軽|かる|N5
辛|から|N5
辞書|じしょ|N5
辺|へん|N5
近|ちか|N5
近所|きんじょ|N5
返|かえ|N5
返事|へんじ|N5
送|おく|N5
速|はや|N5
週末|しゅうまつ|N5
週間|しゅうかん|N5
遅|おそ|N5
遅刻|ちこく|N5
遊|あそ|N5
運動|うんどう|N5
運転|うんてん|N5
道|みち|N5
違|ちが|N5
遠|とお|N5
選手|せんしゅ|N5
選択|せんたく|N5
部屋|へや|N5
酒|さけ|N5
醤油|しょうゆ|N5
野球|やきゅう|N5
野菜|やさい|N5
金|かね|N5
金持|かねも|N5
金曜日|きんようび|N5
金色|きんいろ|N5
釣|つ|N5
鉛筆|えんぴつ|N5
銀色|ぎんいろ|N5
銀行|ぎんこう|N5
鍵|かぎ|N5
長|なが|N5
門|もん|N5
閉|し|N5
開|ひら|N5
間|あいだ|N5
関係|かんけい|N5
降|お|N5
階段|かいだん|N5
隣|となり|N5
集|あつ|N5
雑誌|ざっし|N5
難|むずか|N5
雨|あめ|N5
雪|ゆき|N5
雲|くも|N5
零|れい|N5
電気|でんき|N5
電話|でんわ|N5
電車|でんしゃ|N5
青|あお|N5
青信号|あおしんごう|N5
静|しず|N5
面白|おもしろ|N5
靴|くつ|N5
靴下|くつした|N5
鞄|かばん|N5
音楽|おんがく|N5
頃|ころ|N5
頭|あたま|N5
頼|たの|N5
顔|かお|N5
願|ねが|N5
風|かぜ|N5
風呂|ふろ|N5
風邪|かぜ|N5
飛|と|N5
飛行場|ひこうじょう|N5
飛行機|ひこうき|N5
食|た|N5
食堂|しょくどう|N5
飲|の|N5
飴|あめ|N5
飼|か|N5
餅|もち|N5
首|くび|N5
駅|えき|N5
骨折|こっせつ|N5
高|たか|N5
高校|こうこう|N5
高校生|こうこうせい|N5
髪|かみ|N5
魚|さかな|N5
鳥|とり|N5
鶏肉|とりにく|N5
黄色|きいろ|N5
黒|くろ|N5
黒板|こくばん|N5
鼻|はな|N5
鼻水|はなみず|N5
Ｌ|エル|N5
Ｔ|ティー|N5
Ｙ|ワイ|N5
